mid_date,lat,lon,v [m/yr],v_error [m/yr],vx [m/yr],vx_error [m/yr],vy [m/yr],vy_error [m/yr],date_dt [days],mission,satellite,epsg
2021-03-18 10:00:23.975971072,-74.92,-109.21,1402.0,146.0,-1311.0,138.3,497.0,190.0,5,S,1A,3031
2019-01-28 10:00:12.509625856,-74.92,-109.21,1499.0,114.0,-1390.0,107.7,562.0,145.9,5,S,1A,3031
2019-10-31 10:00:21.458768896,-74.92,-109.21,1262.0,132.0,-1177.0,122.4,454.0,182.6,5,S,1A,3031
2021-10-18 04:36:29.191486976,-74.92,-109.21,1226.0,62.0,-1194.0,60.5,277.0,89.4,6,S,1B,3031
2020-08-15 04:36:00.299555072,-74.92,-109.21,1232.0,96.0,-1109.0,100.3,537.0,74.3,12,S,1B,3031
2019-12-13 15:14:45.075109120,-74.92,-109.21,1384.0,13.0,-1286.0,13.3,514.0,13.9,99,S,2B,3031
2021-12-19 05:09:09.289953792,-74.92,-109.21,1349.0,137.0,-1287.0,138.4,405.0,125.5,5,S,1A,3031
2022-01-24 15:24:41.075109120,-74.92,-109.21,1435.0,30.0,-1359.0,29.6,461.0,28.5,39,S,2B,3031
2021-03-02 15:14:47.075109120,-74.92,-109.21,1420.0,70.0,-1309.0,68.6,549.0,80.2,10,S,2B,3031
2018-11-24 04:36:30.980165888,-74.92,-109.21,1394.0,54.0,-1353.0,52.9,335.0,67.6,11,S,1A,3031
2018-12-27 04:36:09.005941248,-74.92,-109.21,1332.0,71.0,-1216.0,59.4,542.0,114.5,5,S,1A,3031
2018-02-03 04:35:40.042462976,-74.92,-109.21,1414.0,65.0,-1342.0,62.3,448.0,87.2,11,S,1B,3031
2020-01-15 04:36:14.516509952,-74.92,-109.21,1380.0,57.0,-1158.0,44.7,751.0,79.5,5,S,1A,3031
2020-01-27 04:36:14.140062976,-74.92,-109.21,1262.0,65.0,-1127.0,49.4,568.0,106.2,5,S,1A,3031
2021-02-08 04:36:19.741450240,-74.92,-109.21,1278.0,71.0,-1177.0,61.1,499.0,112.0,6,S,1B,3031
2021-07-16 10:00:29.937331968,-74.92,-109.21,1292.0,178.0,-1162.0,166.8,564.0,218.4,5,S,1A,3031
2018-09-16 04:36:10.055729920,-74.92,-109.21,1426.0,77.0,-1370.0,70.9,396.0,132.2,6,S,1B,3031
2021-01-21 04:36:20.305067008,-74.92,-109.21,1334.0,45.0,-1296.0,41.0,317.0,90.2,5,S,1A,3031
2021-03-12 05:09:01.308667904,-74.92,-109.21,1466.0,108.0,-1419.0,108.6,370.0,95.1,6,S,1B,3031
2022-01-07 04:36:47.443003904,-74.92,-109.21,1288.0,62.0,-1191.0,57.1,489.0,84.0,11,S,1A,3031
2020-11-24 10:00:27.370262016,-74.92,-109.21,1252.0,137.0,-1176.0,131.1,429.0,175.9,6,S,1B,3031
2021-10-12 04:36:29.101488128,-74.92,-109.21,1286.0,58.0,-1232.0,54.5,367.0,88.6,5,S,1A,3031
2021-03-06 05:09:01.257955072,-74.92,-109.21,1328.0,110.0,-1281.0,111.7,350.0,83.1,5,S,1A,3031
2016-12-07 04:36:17.064667136,-74.92,-109.21,1600.0,427.0,-1540.0,440.0,436.0,193.5,6,S,1B,3031
2018-02-27 04:35:39.694615040,-74.92,-109.21,1341.0,48.0,-1253.0,45.3,476.0,62.7,12,S,1B,3031
2021-08-03 05:09:08.430390016,-74.92,-109.21,1454.0,132.0,-1343.0,138.2,557.0,83.4,6,S,1B,3031
2021-08-03 10:00:31.051162112,-74.92,-109.21,1655.0,126.0,-1544.0,118.0,596.0,172.2,6,S,1B,3031
2021-11-01 10:00:33.565858048,-74.92,-109.21,1389.0,138.0,-1282.0,129.9,534.0,176.9,5,S,1A,3031
2016-12-01 04:36:17.264551936,-74.92,-109.21,1576.0,404.0,-1522.0,414.4,408.0,214.6,5,S,1A,3031
2017-01-15 15:22:56.075109120,-74.92,-109.21,1538.0,39.0,-1470.0,39.4,452.0,37.1,20,S,2A,3031
2018-05-27 10:00:08.332774912,-74.92,-109.21,1394.0,165.0,-1312.0,161.3,469.0,187.6,6,S,1B,3031
2018-02-17 05:09:05.567150080,-74.92,-109.21,1433.0,96.0,-1371.0,98.4,418.0,63.3,11,S,1A,3031
2018-02-18 03:43:09.075109120,-74.92,-109.21,1449.0,41.0,-1374.0,41.1,459.0,42.7,24,S,2A,3031
2021-02-13 15:24:45.575109120,-74.92,-109.21,1458.0,21.0,-1387.0,21.8,450.0,18.3,49,S,2B,3031
2022-01-25 15:44:37.075109376,-74.92,-109.21,1402.0,20.0,-1306.0,20.6,510.0,19.6,49,S,2B,3031
2019-10-29 04:36:17.007552000,-74.92,-109.21,1283.0,68.0,-1199.0,63.5,458.0,93.0,6,S,1B,3031
2017-04-18 04:36:15.255837952,-74.92,-109.21,1392.0,396.0,-1352.0,405.3,329.0,181.3,6,S,1B,3031
2022-02-04 15:44:36.575109120,-74.92,-109.21,1378.0,44.0,-1314.0,44.9,417.0,39.4,29,S,2B,3031
2021-02-08 15:24:45.075109120,-74.92,-109.21,1465.0,17.0,-1372.0,17.0,513.0,17.0,60,S,2B,3031
2019-12-12 10:00:20.541819904,-74.92,-109.21,1463.0,179.0,-1333.0,169.3,603.0,222.2,6,S,1B,3031
2022-01-01 15:14:43.075109120,-74.92,-109.21,1409.0,18.0,-1326.0,17.7,478.0,22.8,59,S,2B,3031
2017-12-25 05:08:21.533934848,-74.92,-109.21,1459.0,146.0,-1407.0,150.2,387.0,76.8,11,S,1B,3031
2018-12-14 10:00:34.859627008,-74.92,-109.21,1348.0,74.0,-1294.0,70.8,376.0,103.1,11,S,1A,3031
2019-11-01 04:35:56.045422080,-74.92,-109.21,1291.0,81.0,-1189.0,80.8,503.0,80.3,11,S,1B,3031
2018-12-17 10:00:13.803874048,-74.92,-109.21,1249.0,162.0,-1189.0,155.1,383.0,218.3,6,S,1B,3031
2018-03-02 04:36:00.735056896,-74.92,-109.21,1428.0,67.0,-1356.0,60.7,447.0,108.2,5,S,1A,3031
2019-02-07 04:36:07.543064832,-74.92,-109.21,1316.0,64.0,-1239.0,57.8,443.0,97.7,6,S,1B,3031
2021-12-18 15:35:24.370118912,-74.92,-109.21,1272.0,106.0,-1198.0,104.3,428.0,115.7,8,L,9.0,3031
2021-05-23 05:09:04.075405056,-74.92,-109.21,1468.0,152.0,-1424.0,154.1,357.0,120.9,6,S,1B,3031
2018-12-29 10:00:13.504905216,-74.92,-109.21,1496.0,131.0,-1427.0,127.3,449.0,165.2,6,S,1B,3031
2021-01-17 10:00:24.996235008,-74.92,-109.21,1677.0,188.0,-1535.0,180.4,674.0,221.2,5,S,1A,3031
2018-02-10 15:43:12.075109120,-74.92,-109.21,1446.0,89.0,-1378.0,89.4,438.0,84.6,10,S,2A,3031
2021-02-04 10:00:24.445384960,-74.92,-109.21,1513.0,150.0,-1394.0,141.8,588.0,191.4,6,S,1B,3031
2017-12-19 05:09:07.317500928,-74.92,-109.21,1492.0,100.0,-1431.0,102.0,423.0,72.2,11,S,1A,3031
2021-12-26 15:44:37.075109376,-74.92,-109.21,1406.0,25.0,-1326.0,25.1,465.0,23.1,50,S,2B,3031
2018-05-01 04:36:02.407078912,-74.92,-109.21,1396.0,42.0,-1295.0,36.7,521.0,67.7,5,S,1A,3031
2022-01-16 15:14:43.575109120,-74.92,-109.21,1415.0,97.0,-1354.0,95.7,410.0,108.3,9,S,2B,3031
2021-03-12 10:00:23.933815808,-74.92,-109.21,1154.0,151.0,-1086.0,142.2,391.0,204.3,6,S,1B,3031
2020-03-20 09:59:57.276672000,-74.92,-109.21,1379.0,74.0,-1242.0,69.0,599.0,93.4,12,S,1B,3031
2014-12-03 04:36:27.782561024,-74.92,-109.21,1351.0,266.0,-1281.0,277.4,426.0,123.2,11,S,1A,3031
2021-02-04 05:09:01.824769024,-74.92,-109.21,1416.0,107.0,-1297.0,108.8,567.0,96.7,6,S,1B,3031
2018-08-25 10:00:13.631900160,-74.92,-109.21,1609.0,108.0,-1510.0,104.6,555.0,132.9,5,S,1A,3031
2017-02-11 04:36:14.071695104,-74.92,-109.21,1629.0,794.0,-1615.0,800.4,218.0,286.9,5,S,1A,3031
2017-12-17 04:35:41.775485952,-74.92,-109.21,1392.0,52.0,-1301.0,49.4,496.0,69.1,11,S,1B,3031
2018-04-25 04:36:02.064215808,-74.92,-109.21,1399.0,57.0,-1266.0,51.8,594.0,76.4,6,S,1B,3031
2020-11-12 10:00:27.730620928,-74.92,-109.21,1346.0,141.0,-1246.0,133.6,508.0,177.5,6,S,1B,3031
2022-01-02 07:34:19.079939072,-74.92,-109.21,1422.0,52.0,-1326.0,52.1,513.0,50.2,23,L,9.0,3031
2017-04-30 04:36:15.781169920,-74.92,-109.21,1373.0,907.0,-1314.0,942.3,397.0,340.8,6,S,1B,3031
2021-12-25 10:00:31.524571904,-74.92,-109.21,1402.0,122.0,-1320.0,119.2,472.0,139.1,6,S,1B,3031
2018-01-30 05:08:20.199084032,-74.92,-109.21,1436.0,70.0,-1362.0,70.9,454.0,61.4,11,S,1B,3031
2021-12-25 15:24:41.075109120,-74.92,-109.21,1421.0,40.0,-1295.0,38.2,585.0,45.7,20,S,2B,3031
2018-01-13 04:36:01.642255104,-74.92,-109.21,1369.0,44.0,-1289.0,38.0,463.0,77.7,5,S,1A,3031
2021-03-16 04:36:19.375070720,-74.92,-109.21,1293.0,45.0,-1189.0,40.2,509.0,66.0,6,S,1B,3031
2018-02-12 04:36:00.837582080,-74.92,-109.21,1375.0,55.0,-1294.0,51.3,464.0,79.3,6,S,1B,3031
2018-01-22 04:35:40.369008128,-74.92,-109.21,1373.0,42.0,-1279.0,37.2,499.0,64.1,11,S,1B,3031
2020-12-24 10:00:26.143604736,-74.92,-109.21,1335.0,158.0,-1253.0,148.2,460.0,219.9,5,S,1A,3031
2018-02-15 04:35:39.784273920,-74.92,-109.21,1393.0,54.0,-1270.0,48.4,574.0,76.4,11,S,1B,3031
2020-12-30 10:00:25.851612928,-74.92,-109.21,1702.0,142.0,-1546.0,132.8,712.0,178.8,6,S,1B,3031
2021-10-24 04:36:29.198265088,-74.92,-109.21,1297.0,60.0,-1231.0,56.2,408.0,89.6,5,S,1A,3031
2021-02-22 10:00:23.962032896,-74.92,-109.21,1336.0,150.0,-1235.0,139.4,509.0,199.1,5,S,1A,3031
2017-08-28 04:36:02.386603008,-74.92,-109.21,1379.0,65.0,-1334.0,60.8,349.0,104.7,6,S,1B,3031
2022-01-10 15:44:36.575109120,-74.92,-109.21,1391.0,12.0,-1311.0,12.2,466.0,12.8,79,S,2B,3031
2021-12-16 15:44:37.575109120,-74.92,-109.21,1440.0,21.0,-1357.0,21.0,482.0,24.0,30,S,2B,3031
2020-10-11 04:36:23.379542016,-74.92,-109.21,1322.0,72.0,-1150.0,60.8,654.0,97.5,6,S,1B,3031
2022-01-20 15:04:51.316104960,-74.92,-109.21,1397.0,28.0,-1280.0,27.8,560.0,28.5,47,L,9.0,3031
2020-01-18 04:36:35.374320128,-74.92,-109.21,1270.0,54.0,-1183.0,50.1,462.0,75.6,11,S,1A,3031
2022-01-03 07:52:28.280709888,-74.92,-109.21,1308.0,58.0,-1225.0,56.8,457.0,63.8,15,L,9.0,3031
2018-02-06 04:36:00.925107968,-74.92,-109.21,1311.0,52.0,-1245.0,45.8,411.0,88.5,5,S,1A,3031
2022-01-26 15:14:42.575109120,-74.92,-109.21,1392.0,64.0,-1351.0,63.6,338.0,68.6,9,S,2B,3031
2018-01-31 04:36:01.042959104,-74.92,-109.21,1494.0,92.0,-1454.0,89.8,343.0,127.6,6,S,1B,3031
2018-11-30 04:35:49.100392960,-74.92,-109.21,1385.0,47.0,-1277.0,43.7,537.0,64.0,11,S,1B,3031
2018-02-17 10:00:26.333008896,-74.92,-109.21,1349.0,108.0,-1288.0,103.7,403.0,146.3,11,S,1A,3031
2015-09-17 04:36:34.593161728,-74.92,-109.21,1492.0,224.0,-1461.0,228.2,300.0,89.4,12,S,1A,3031
2020-12-12 10:00:26.732177920,-74.92,-109.21,1264.0,197.0,-1157.0,183.8,508.0,252.6,5,S,1A,3031
2021-10-30 04:36:29.063456000,-74.92,-109.21,1267.0,75.0,-1174.0,68.1,476.0,106.8,6,S,1B,3031
2020-03-15 04:36:13.633366272,-74.92,-109.21,1254.0,43.0,-1154.0,36.4,492.0,67.2,5,S,1A,3031
2019-02-06 09:59:51.327053056,-74.92,-109.21,1130.0,85.0,-1071.0,81.1,359.0,113.8,11,S,1B,3031
2021-02-22 05:09:01.329766912,-74.92,-109.21,1342.0,124.0,-1302.0,125.2,325.0,106.9,5,S,1A,3031
2019-01-25 15:24:45.575109120,-74.92,-109.21,1500.0,36.0,-1418.0,36.2,492.0,35.0,30,S,2B,3031
2021-10-26 10:00:33.730220032,-74.92,-109.21,1217.0,197.0,-1152.0,187.2,393.0,266.4,6,S,1B,3031
2021-02-16 05:09:01.446471936,-74.92,-109.21,1428.0,158.0,-1358.0,161.9,441.0,116.5,6,S,1B,3031
2019-01-15 15:24:43.575109120,-74.92,-109.21,1467.0,23.0,-1387.0,22.7,479.0,22.0,50,S,2B,3031
2017-10-15 04:36:03.453582080,-74.92,-109.21,1404.0,54.0,-1353.0,50.4,374.0,86.9,6,S,1B,3031
2020-01-14 05:09:19.330219008,-74.92,-109.21,1368.0,94.0,-1281.0,96.9,478.0,68.6,11,S,1A,3031
2021-01-29 10:00:24.634224896,-74.92,-109.21,1337.0,180.0,-1245.0,174.8,489.0,213.0,5,S,1A,3031
2020-09-23 04:36:22.988602112,-74.92,-109.21,1317.0,49.0,-1259.0,43.7,388.0,84.4,5,S,1A,3031
2018-11-23 10:00:14.703601920,-74.92,-109.21,1346.0,158.0,-1264.0,151.4,463.0,201.1,6,S,1B,3031
2021-11-29 04:36:28.260444160,-74.92,-109.21,1368.0,146.0,-1104.0,114.4,807.0,190.8,5,S,1A,3031
2018-02-05 05:09:05.753547008,-74.92,-109.21,1456.0,99.0,-1374.0,102.0,482.0,65.1,11,S,1A,3031
2022-01-03 15:35:22.154312960,-74.92,-109.21,1569.0,103.0,-1497.0,103.8,471.0,89.9,7,L,9.0,3031
2017-12-20 04:36:02.616517120,-74.92,-109.21,1398.0,62.0,-1346.0,56.8,379.0,106.5,5,S,1A,3031
2019-01-25 09:59:51.701703680,-74.92,-109.21,1510.0,92.0,-1400.0,84.3,564.0,131.1,11,S,1B,3031
2019-05-20 04:36:09.696675328,-74.92,-109.21,1325.0,51.0,-1142.0,43.5,672.0,68.7,5,S,1A,3031
2019-01-20 15:24:44.575108864,-74.92,-109.21,1469.0,30.0,-1390.0,30.2,474.0,31.9,40,S,2B,3031
2019-02-13 04:36:07.360851968,-74.92,-109.21,1302.0,70.0,-1221.0,61.8,454.0,113.1,5,S,1A,3031
2019-02-06 05:08:26.856347904,-74.92,-109.21,1390.0,93.0,-1333.0,94.7,393.0,66.7,11,S,1B,3031
2017-09-21 04:36:03.489193984,-74.92,-109.21,1327.0,64.0,-1242.0,60.4,466.0,84.6,6,S,1B,3031
2021-12-11 15:44:36.575109120,-74.92,-109.21,1475.0,24.0,-1389.0,24.4,498.0,24.7,19,S,2B,3031
2018-12-21 04:36:09.210648064,-74.92,-109.21,1375.0,66.0,-1303.0,62.3,439.0,89.7,6,S,1B,3031
2021-01-15 04:36:20.543214080,-74.92,-109.21,1302.0,102.0,-1183.0,98.9,544.0,114.0,6,S,1B,3031
2021-02-02 04:36:19.928032000,-74.92,-109.21,1347.0,53.0,-1247.0,42.0,508.0,94.2,5,S,1A,3031
2020-12-04 04:36:22.448339968,-74.92,-109.21,1307.0,92.0,-1257.0,89.5,357.0,117.8,5,S,1A,3031
2017-12-02 04:36:03.223491072,-74.92,-109.21,1530.0,114.0,-1489.0,109.1,348.0,186.6,6,S,1B,3031
2018-12-11 10:00:14.042221056,-74.92,-109.21,1477.0,159.0,-1380.0,150.4,527.0,209.6,5,S,1A,3031
2018-12-14 05:09:14.121218048,-74.92,-109.21,1436.0,73.0,-1391.0,73.1,357.0,69.6,11,S,1A,3031
2019-01-08 04:36:08.489827840,-74.92,-109.21,1338.0,87.0,-1273.0,78.6,411.0,145.3,5,S,1A,3031
2021-10-14 10:00:33.699436032,-74.92,-109.21,1487.0,122.0,-1404.0,114.1,491.0,176.9,6,S,1B,3031
2021-10-20 05:09:11.179462912,-74.92,-109.21,1307.0,74.0,-1244.0,73.9,400.0,76.0,5,S,1A,3031
2018-11-05 10:00:15.099438336,-74.92,-109.21,1128.0,177.0,-1055.0,163.8,401.0,248.4,5,S,1A,3031
2017-12-13 05:08:21.918598912,-74.92,-109.21,1461.0,137.0,-1407.0,140.2,392.0,79.3,11,S,1B,3031
2021-07-14 04:36:25.214003968,-74.92,-109.21,1272.0,94.0,-1089.0,80.3,658.0,123.9,6,S,1B,3031
2020-08-08 10:00:25.455266304,-74.92,-109.21,1365.0,210.0,-1264.0,198.3,515.0,270.6,6,S,1B,3031
2018-02-24 04:36:00.684378624,-74.92,-109.21,1275.0,58.0,-1191.0,51.8,454.0,89.4,6,S,1B,3031
2021-05-17 05:09:03.726803968,-74.92,-109.21,1457.0,123.0,-1352.0,125.5,544.0,103.1,5,S,1A,3031
2021-02-20 04:36:19.433425920,-74.92,-109.21,1271.0,64.0,-1150.0,53.8,541.0,96.6,6,S,1B,3031
2018-04-13 04:36:01.621262080,-74.92,-109.21,1463.0,61.0,-1423.0,59.3,340.0,89.0,6,S,1B,3031
2016-12-04 04:36:38.173391104,-74.92,-109.21,1510.0,287.0,-1444.0,297.3,443.0,133.9,11,S,1A,3031
2019-02-12 05:09:11.987835904,-74.92,-109.21,1340.0,63.0,-1305.0,63.6,306.0,58.4,12,S,1A,3031
2021-12-22 15:35:23.708331008,-74.92,-109.21,1299.0,62.0,-1240.0,62.3,385.0,63.5,15,L,9.0,3031
2018-02-25 15:43:07.075108864,-74.92,-109.21,1437.0,39.0,-1388.0,38.9,373.0,35.2,9,S,2B,3031
2021-08-07 04:36:26.620835072,-74.92,-109.21,1289.0,67.0,-1109.0,56.4,656.0,90.9,6,S,1B,3031
2018-06-06 04:36:04.376653056,-74.92,-109.21,1362.0,94.0,-1277.0,82.1,472.0,157.7,5,S,1A,3031
2021-12-19 10:00:31.892448000,-74.92,-109.21,1246.0,152.0,-1171.0,148.6,426.0,178.4,5,S,1A,3031
2020-08-12 04:36:21.119045120,-74.92,-109.21,1320.0,93.0,-1114.0,73.8,708.0,129.1,6,S,1B,3031
2021-10-21 04:36:08.222221056,-74.92,-109.21,1260.0,57.0,-1180.0,56.1,441.0,61.4,12,S,1B,3031
2018-05-25 04:36:03.662106880,-74.92,-109.21,1364.0,61.0,-1297.0,55.4,423.0,99.4,5,S,1A,3031
2020-05-14 04:36:15.719949056,-74.92,-109.21,1227.0,57.0,-1152.0,48.7,423.0,100.6,5,S,1A,3031
2021-12-22 15:14:44.075109120,-74.92,-109.21,1431.0,25.0,-1341.0,24.7,501.0,24.7,40,S,2B,3031
2020-08-14 10:00:25.759983104,-74.92,-109.21,1347.0,185.0,-1260.0,176.0,475.0,241.8,5,S,1A,3031
2021-12-17 04:36:27.552624896,-74.92,-109.21,1313.0,76.0,-1078.0,62.7,750.0,97.6,6,S,1B,3031
2022-01-05 15:44:36.575109120,-74.92,-109.21,1414.0,37.0,-1338.0,36.5,457.0,37.8,30,S,2B,3031
2021-11-01 05:09:10.942836992,-74.92,-109.21,1337.0,117.0,-1316.0,117.5,237.0,88.3,5,S,1A,3031
2018-06-20 10:00:09.903009280,-74.92,-109.21,1480.0,107.0,-1388.0,102.3,513.0,138.7,6,S,1B,3031
2021-01-14 15:24:45.575109120,-74.92,-109.21,1442.0,13.0,-1356.0,13.2,491.0,13.4,109,S,2B,3031
2018-06-02 10:00:08.631823104,-74.92,-109.21,1392.0,135.0,-1319.0,127.9,443.0,188.0,5,S,1A,3031
2021-05-29 10:00:27.081436928,-74.92,-109.21,1572.0,156.0,-1439.0,147.7,635.0,195.1,5,S,1A,3031
2021-03-06 10:00:23.884012032,-74.92,-109.21,1419.0,113.0,-1302.0,107.5,566.0,140.9,5,S,1A,3031
2022-01-19 15:10:39.372645888,-74.92,-109.21,660.0,614.0,290.0,893.4,593.0,525.9,31,L,9.0,3031
2018-09-10 04:36:09.897440256,-74.92,-109.21,1450.0,59.0,-1419.0,56.5,296.0,100.8,5,S,1A,3031
2018-02-21 04:36:21.737686784,-74.92,-109.21,1339.0,43.0,-1260.0,40.8,451.0,57.0,11,S,1A,3031
2019-11-22 04:36:16.746626816,-74.92,-109.21,1301.0,82.0,-1165.0,71.7,578.0,114.2,6,S,1B,3031
2022-01-07 15:10:38.298850816,-74.92,-109.21,1482.0,100.0,-1390.0,106.2,513.0,28.4,7,L,9.0,3031
2018-12-08 09:59:53.278138112,-74.92,-109.21,1522.0,82.0,-1413.0,76.0,565.0,111.8,11,S,1B,3031
2020-01-26 10:00:39.656190976,-74.92,-109.21,1262.0,85.0,-1151.0,81.1,518.0,103.2,11,S,1A,3031
2019-01-16 10:00:12.797864960,-74.92,-109.21,1553.0,154.0,-1452.0,146.6,552.0,199.5,5,S,1A,3031
2022-01-01 15:14:43.575109120,-74.92,-109.21,1450.0,36.0,-1351.0,36.0,527.0,36.9,20,S,2B,3031
2018-04-19 04:36:01.761286912,-74.92,-109.21,1259.0,65.0,-1212.0,57.8,340.0,126.1,5,S,1A,3031
2021-03-10 04:36:19.371738624,-74.92,-109.21,1286.0,72.0,-1224.0,67.8,395.0,100.9,5,S,1A,3031
2020-11-06 10:00:27.831920128,-74.92,-109.21,1430.0,140.0,-1328.0,133.8,531.0,174.7,5,S,1A,3031
2018-12-05 10:00:14.333892096,-74.92,-109.21,1525.0,140.0,-1413.0,130.8,574.0,184.7,6,S,1B,3031
2020-10-05 04:36:23.230417920,-74.92,-109.21,1299.0,46.0,-1262.0,42.4,309.0,83.7,5,S,1A,3031
2021-11-07 15:14:46.575109120,-74.92,-109.21,1414.0,21.0,-1341.0,21.4,449.0,22.0,49,S,2B,3031
2020-01-09 04:36:14.781755136,-74.92,-109.21,1292.0,77.0,-1184.0,65.5,516.0,121.0,6,S,1B,3031
2018-11-27 04:36:09.985718016,-74.92,-109.21,1501.0,88.0,-1394.0,78.7,556.0,131.0,6,S,1B,3031
2018-02-23 03:43:09.075109120,-74.92,-109.21,1397.0,42.0,-1332.0,42.5,418.0,39.5,14,S,2A,3031
2021-01-27 04:36:20.153350144,-74.92,-109.21,1339.0,80.0,-1247.0,68.2,489.0,131.1,6,S,1B,3031
2021-03-04 04:36:19.345504000,-74.92,-109.21,1284.0,50.0,-1190.0,45.5,482.0,70.1,6,S,1B,3031
2018-12-02 05:09:14.524544000,-74.92,-109.21,1458.0,99.0,-1390.0,101.6,441.0,64.2,11,S,1A,3031
2021-02-28 05:09:01.268256000,-74.92,-109.21,1493.0,136.0,-1395.0,141.9,530.0,87.3,6,S,1B,3031
2019-11-18 10:00:21.379340032,-74.92,-109.21,1420.0,120.0,-1320.0,114.4,523.0,150.3,6,S,1B,3031
2021-12-07 05:09:09.883453952,-74.92,-109.21,1522.0,139.0,-1342.0,144.8,720.0,114.6,5,S,1A,3031
2021-12-04 05:08:47.250903040,-74.92,-109.21,1367.0,255.0,-1317.0,263.2,367.0,85.7,11,S,1B,3031
2016-10-08 04:36:17.801280000,-74.92,-109.21,1642.0,233.0,-1592.0,238.4,403.0,108.1,6,S,1B,3031
2018-06-18 04:36:05.178336000,-74.92,-109.21,1294.0,64.0,-1201.0,57.5,480.0,96.2,5,S,1A,3031
2018-03-26 04:36:00.940913920,-74.92,-109.21,1302.0,42.0,-1231.0,38.9,427.0,64.0,5,S,1A,3031
2018-04-03 10:00:05.878256896,-74.92,-109.21,1294.0,150.0,-1250.0,146.9,333.0,191.6,5,S,1A,3031
2020-08-24 04:36:21.790062080,-74.92,-109.21,1207.0,99.0,-1123.0,98.3,443.0,107.0,6,S,1B,3031
2021-07-16 05:09:07.302620928,-74.92,-109.21,1298.0,101.0,-1231.0,100.2,413.0,104.0,5,S,1A,3031
2021-12-25 05:09:08.919622912,-74.92,-109.21,1398.0,110.0,-1332.0,111.0,425.0,104.5,6,S,1B,3031
2016-12-19 04:36:16.612124928,-74.92,-109.21,1565.0,334.0,-1429.0,355.8,637.0,188.1,6,S,1B,3031
2019-02-01 04:36:07.831043072,-74.92,-109.21,1296.0,53.0,-1183.0,44.5,530.0,84.9,5,S,1A,3031
2017-01-18 04:36:14.504440064,-74.92,-109.21,1526.0,304.0,-1498.0,308.4,288.0,156.8,5,S,1A,3031
2018-12-18 04:36:30.091882240,-74.92,-109.21,1355.0,49.0,-1306.0,48.2,361.0,61.7,11,S,1A,3031
2020-10-13 10:00:27.927316992,-74.92,-109.21,1338.0,154.0,-1262.0,149.1,444.0,188.6,5,S,1A,3031
2021-07-04 05:09:06.519439872,-74.92,-109.21,1375.0,139.0,-1317.0,142.5,394.0,97.3,5,S,1A,3031
2018-12-24 04:35:48.225382912,-74.92,-109.21,1368.0,53.0,-1219.0,49.2,622.0,66.3,11,S,1B,3031
2021-12-26 15:44:37.075109376,-74.92,-109.21,1423.0,40.0,-1336.0,39.6,490.0,41.9,10,S,2B,3031
2021-07-02 04:36:24.543144960,-74.92,-109.21,1272.0,75.0,-1182.0,71.5,470.0,94.7,6,S,1B,3031
2021-12-28 03:16:42.877733120,-74.92,-109.21,1372.0,52.0,-1271.0,52.6,516.0,46.9,74,L,9.0,3031
2017-11-26 04:36:03.487872000,-74.92,-109.21,1321.0,70.0,-1267.0,62.9,374.0,127.1,5,S,1A,3031
2021-12-17 15:14:44.075109120,-74.92,-109.21,1441.0,29.0,-1360.0,28.6,475.0,29.5,30,S,2B,3031
2021-03-15 10:00:03.068806912,-74.92,-109.21,1437.0,72.0,-1329.0,69.3,547.0,83.4,12,S,1B,3031
2020-11-22 04:36:22.906028032,-74.92,-109.21,1316.0,64.0,-1167.0,52.8,608.0,93.3,5,S,1A,3031
2019-01-20 04:36:08.133740288,-74.92,-109.21,1504.0,89.0,-1363.0,75.4,637.0,133.6,5,S,1A,3031
2019-04-08 04:36:07.794163200,-74.92,-109.21,1315.0,63.0,-1150.0,50.3,637.0,93.3,6,S,1B,3031
2021-12-27 15:14:43.575109120,-74.92,-109.21,1410.0,21.0,-1323.0,20.8,489.0,25.8,49,S,2B,3031
2017-01-22 15:12:52.075109120,-74.92,-109.21,1600.0,35.0,-1526.0,35.5,480.0,33.0,20,S,2A,3031
2020-01-21 04:36:14.324262656,-74.92,-109.21,1281.0,66.0,-1172.0,56.5,516.0,102.5,6,S,1B,3031
2022-01-07 15:35:23.355460864,-74.92,-109.21,1368.0,35.0,-1282.0,34.5,476.0,37.5,47,L,9.0,3031
2021-12-22 07:28:10.390597888,-74.92,-109.21,1438.0,54.0,-1326.0,48.2,556.0,78.0,15,L,9.0,3031
2021-12-07 10:00:32.502115328,-74.92,-109.21,1550.0,184.0,-1421.0,174.0,620.0,227.5,5,S,1A,3031
2018-02-23 05:08:19.862696960,-74.92,-109.21,1436.0,67.0,-1335.0,69.3,528.0,47.7,11,S,1B,3031
2020-01-29 10:00:18.641307904,-74.92,-109.21,1542.0,139.0,-1426.0,130.0,585.0,183.3,6,S,1B,3031
2020-11-04 04:36:23.291243008,-74.92,-109.21,1310.0,83.0,-1151.0,74.2,626.0,106.3,6,S,1B,3031
2017-10-09 04:36:03.373968896,-74.92,-109.21,1485.0,61.0,-1417.0,55.5,442.0,102.7,5,S,1A,3031
2021-11-26 03:16:49.813839104,-74.92,-109.21,1342.0,97.0,-1313.0,94.8,280.0,139.5,11,L,9.0,3031
2021-12-11 04:36:27.776570112,-74.92,-109.21,1286.0,59.0,-1209.0,52.8,437.0,92.0,5,S,1A,3031
2021-01-25 15:44:39.575109120,-74.92,-109.21,1433.0,14.0,-1352.0,14.0,476.0,12.9,60,S,2B,3031
2021-01-23 10:00:24.805801984,-74.92,-109.21,1329.0,224.0,-1218.0,215.9,532.0,260.8,6,S,1B,3031
2021-06-04 05:09:04.798982912,-74.92,-109.21,1385.0,110.0,-1324.0,110.6,407.0,97.6,6,S,1B,3031
2018-12-06 04:36:30.456207104,-74.92,-109.21,1364.0,43.0,-1309.0,40.9,383.0,63.1,11,S,1A,3031
2018-04-07 04:36:01.370903040,-74.92,-109.21,1313.0,37.0,-1210.0,33.2,511.0,54.9,5,S,1A,3031
2020-01-12 04:35:53.731697920,-74.92,-109.21,1237.0,53.0,-1129.0,47.2,505.0,74.4,11,S,1B,3031
2021-12-23 15:11:14.006339840,-74.92,-109.21,1300.0,37.0,-1211.0,38.1,473.0,27.4,85,L,9.0,3031
2018-01-28 04:36:22.103875072,-74.92,-109.21,1349.0,54.0,-1262.0,40.6,478.0,108.3,11,S,1A,3031
2019-01-23 04:36:28.976229888,-74.92,-109.21,1334.0,57.0,-1229.0,55.0,521.0,67.0,11,S,1A,3031
2021-12-03 15:11:14.419941888,-74.92,-109.21,1278.0,51.0,-1190.0,52.8,467.0,37.0,45,L,9.0,3031
2022-01-03 07:28:08.936192000,-74.92,-109.21,1287.0,72.0,-1240.0,70.9,342.0,78.9,7,L,9.0,3031
2020-11-16 04:36:23.064837120,-74.92,-109.21,1323.0,72.0,-1292.0,69.1,287.0,116.9,6,S,1B,3031
2018-08-31 10:00:14.044314112,-74.92,-109.21,1376.0,167.0,-1298.0,158.4,457.0,222.8,6,S,1B,3031
2020-11-10 04:36:23.188447744,-74.92,-109.21,1348.0,74.0,-1124.0,59.3,744.0,99.0,5,S,1A,3031
2020-01-24 04:35:53.282253312,-74.92,-109.21,1271.0,58.0,-1149.0,53.6,544.0,72.9,11,S,1B,3031
2020-09-11 04:36:22.642152960,-74.92,-109.21,1330.0,54.0,-1172.0,39.5,628.0,88.0,5,S,1A,3031
2017-12-26 04:36:02.310878976,-74.92,-109.21,1299.0,64.0,-1278.0,61.1,230.0,123.2,6,S,1B,3031
2018-11-26 05:08:29.303384832,-74.92,-109.21,1459.0,100.0,-1423.0,101.7,322.0,64.1,11,S,1B,3031
2018-01-19 04:36:01.429924096,-74.92,-109.21,1512.0,86.0,-1435.0,81.5,477.0,117.4,6,S,1B,3031
2021-05-27 04:36:22.367184896,-74.92,-109.21,1317.0,51.0,-1221.0,49.2,493.0,63.6,6,S,1B,3031
2018-02-18 03:43:10.075109120,-74.92,-109.21,1361.0,83.0,-1290.0,83.9,435.0,77.6,4,S,2A,3031
2018-04-04 04:35:40.347271936,-74.92,-109.21,1384.0,45.0,-1330.0,42.9,382.0,61.3,12,S,1B,3031
2022-01-08 07:46:40.672992256,-74.92,-109.21,1211.0,141.0,-1177.0,142.0,285.0,116.2,7,L,9.0,3031
2020-11-30 10:00:27.137408000,-74.92,-109.21,1552.0,108.0,-1419.0,99.8,627.0,141.3,5,S,1A,3031
2019-05-26 04:36:09.949264896,-74.92,-109.21,1257.0,53.0,-1193.0,51.0,398.0,68.3,6,S,1B,3031
2017-12-23 04:36:23.399141376,-74.92,-109.21,1406.0,56.0,-1335.0,55.2,439.0,64.8,11,S,1A,3031
2018-12-26 15:24:44.575108864,-74.92,-109.21,1478.0,14.0,-1405.0,14.0,458.0,13.4,90,S,2B,3031
2019-11-10 04:36:16.914024960,-74.92,-109.21,1281.0,82.0,-1212.0,75.9,414.0,125.6,6,S,1B,3031
2014-11-09 04:36:27.917549056,-74.92,-109.21,1348.0,134.0,-1275.0,139.2,437.0,77.2,12,S,1A,3031
2020-05-20 04:36:16.110332928,-74.92,-109.21,1278.0,93.0,-1182.0,86.5,486.0,126.0,6,S,1B,3031
2018-12-23 10:00:13.686188032,-74.92,-109.21,1446.0,144.0,-1339.0,135.0,546.0,191.9,5,S,1A,3031
2020-08-06 04:36:20.791377664,-74.92,-109.21,1228.0,83.0,-1143.0,67.9,451.0,146.3,5,S,1A,3031
2021-12-08 03:16:47.669286912,-74.92,-109.21,1325.0,47.0,-1243.0,44.6,459.0,61.3,35,L,9.0,3031
2022-01-11 15:14:42.575109120,-74.92,-109.21,1412.0,25.0,-1323.0,23.7,492.0,29.8,39,S,2B,3031
2018-03-08 04:36:00.731900928,-74.92,-109.21,1284.0,44.0,-1205.0,41.1,443.0,59.8,6,S,1B,3031
2019-12-10 04:36:16.048327936,-74.92,-109.21,1298.0,80.0,-1194.0,73.9,510.0,108.3,5,S,1A,3031
2021-08-09 05:09:08.718951936,-74.92,-109.21,1291.0,84.0,-1249.0,84.0,329.0,79.1,5,S,1A,3031
2018-03-01 05:09:05.423939072,-74.92,-109.21,1452.0,61.0,-1362.0,61.5,503.0,57.4,11,S,1A,3031
2021-02-15 15:14:47.575108864,-74.92,-109.21,1434.0,22.0,-1351.0,21.2,480.0,27.8,39,S,2B,3031
2019-01-29 04:35:46.988552960,-74.92,-109.21,1281.0,43.0,-1172.0,39.2,516.0,58.8,11,S,1B,3031
2021-06-01 05:09:27.406738944,-74.92,-109.21,1445.0,149.0,-1282.0,163.7,666.0,76.7,12,S,1A,3031
2018-12-03 04:36:09.834529024,-74.92,-109.21,1295.0,49.0,-1205.0,45.3,476.0,68.6,5,S,1A,3031
2018-11-21 04:36:10.246030080,-74.92,-109.21,1292.0,69.0,-1229.0,60.7,398.0,124.2,5,S,1A,3031
2019-02-19 04:36:07.326797056,-74.92,-109.21,1455.0,71.0,-1390.0,66.3,431.0,110.9,6,S,1B,3031
2021-06-04 10:00:27.433789952,-74.92,-109.21,1364.0,155.0,-1263.0,149.3,516.0,187.6,6,S,1B,3031
2021-12-31 15:04:52.246291968,-74.92,-109.21,1546.0,88.0,-1497.0,87.3,385.0,95.9,7,L,9.0,3031
2021-11-30 15:24:44.575108864,-74.92,-109.21,1401.0,16.0,-1330.0,16.1,440.0,13.4,69,S,2B,3031
2020-08-20 10:00:26.111271936,-74.92,-109.21,1054.0,147.0,-974.0,143.7,403.0,165.1,6,S,1B,3031
2021-02-26 04:36:19.374291968,-74.92,-109.21,1365.0,75.0,-1250.0,66.7,548.0,107.2,5,S,1A,3031
2019-01-25 05:08:27.226233088,-74.92,-109.21,1416.0,67.0,-1361.0,66.8,387.0,63.5,11,S,1B,3031
2018-05-31 04:36:03.970234112,-74.92,-109.21,1335.0,79.0,-1242.0,66.7,491.0,133.8,6,S,1B,3031
2021-12-26 15:35:22.268473344,-74.92,-109.21,1386.0,52.0,-1319.0,51.8,428.0,53.1,23,L,9.0,3031
2022-01-07 15:11:02.275601920,-74.92,-109.21,1522.0,129.0,-1433.0,133.7,513.0,85.3,7,L,9.0,3031
2022-01-06 15:14:43.075109120,-74.92,-109.21,1408.0,35.0,-1329.0,33.5,465.0,41.7,30,S,2B,3031
2019-05-14 04:36:09.277554176,-74.92,-109.21,1261.0,68.0,-1175.0,62.7,458.0,95.7,6,S,1B,3031
2021-05-30 04:36:01.671014144,-74.92,-109.21,1259.0,41.0,-1186.0,37.9,422.0,57.8,12,S,1B,3031
2018-04-21 10:00:06.416412928,-74.92,-109.21,1449.0,102.0,-1391.0,99.6,405.0,130.1,6,S,1B,3031
2018-07-30 04:36:07.639809024,-74.92,-109.21,1323.0,58.0,-1262.0,54.2,399.0,87.3,6,S,1B,3031
2020-03-20 05:08:32.788509952,-74.92,-109.21,1380.0,111.0,-1209.0,120.8,665.0,67.7,12,S,1B,3031
2020-03-18 04:36:34.571128320,-74.92,-109.21,1269.0,43.0,-1149.0,38.2,540.0,61.2,12,S,1A,3031
2018-11-29 10:00:14.491547904,-74.92,-109.21,1566.0,130.0,-1511.0,125.8,411.0,177.7,5,S,1A,3031
2022-01-06 15:14:44.075109120,-74.92,-109.21,1501.0,82.0,-1345.0,82.4,665.0,81.7,10,S,2B,3031
2018-11-03 04:36:10.648001024,-74.92,-109.21,1442.0,80.0,-1407.0,77.3,314.0,123.6,6,S,1B,3031
2021-08-15 05:09:08.986116096,-74.92,-109.21,1428.0,102.0,-1251.0,109.7,689.0,71.9,6,S,1B,3031
2019-02-03 10:00:12.154482944,-74.92,-109.21,1421.0,125.0,-1303.0,116.9,568.0,160.0,6,S,1B,3031
2019-02-15 10:00:11.925766912,-74.92,-109.21,1441.0,159.0,-1341.0,148.9,528.0,211.1,6,S,1B,3031
2018-02-02 03:23:07.575109376,-74.92,-109.21,1525.0,24.0,-1450.0,24.2,471.0,25.4,45,S,2A,3031
2021-12-26 04:36:47.957596928,-74.92,-109.21,1264.0,42.0,-1196.0,39.8,409.0,58.6,11,S,1A,3031
2021-03-15 05:08:38.575719680,-74.92,-109.21,1417.0,72.0,-1306.0,74.2,550.0,57.5,12,S,1B,3031
2022-01-03 05:09:31.393758976,-74.92,-109.21,1337.0,70.0,-1277.0,70.4,396.0,68.3,11,S,1A,3031
2018-03-31 05:08:20.309188864,-74.92,-109.21,1422.0,75.0,-1352.0,77.5,441.0,48.8,12,S,1B,3031
2018-02-09 04:36:21.838077952,-74.92,-109.21,1312.0,46.0,-1239.0,44.4,431.0,57.6,11,S,1A,3031
2019-02-04 04:36:28.504943104,-74.92,-109.21,1270.0,46.0,-1196.0,43.7,429.0,60.1,11,S,1A,3031
2022-01-10 15:44:37.575109120,-74.92,-109.21,1394.0,56.0,-1302.0,54.6,499.0,63.3,19,S,2B,3031
2018-12-15 04:36:09.311325952,-74.92,-109.21,1353.0,45.0,-1284.0,39.0,426.0,78.7,5,S,1A,3031
2018-11-17 10:00:14.923021056,-74.92,-109.21,1372.0,141.0,-1285.0,135.5,480.0,177.1,5,S,1A,3031
2020-12-22 04:36:21.693761024,-74.92,-109.21,1308.0,67.0,-1215.0,60.4,484.0,96.9,6,S,1B,3031
2017-09-15 04:36:03.101808896,-74.92,-109.21,1356.0,52.0,-1260.0,45.9,500.0,81.9,5,S,1A,3031
2018-09-12 10:00:14.502863872,-74.92,-109.21,1527.0,126.0,-1419.0,118.0,564.0,165.2,6,S,1B,3031
2019-01-10 10:00:13.005240064,-74.92,-109.21,1328.0,145.0,-1290.0,140.5,318.0,203.9,6,S,1B,3031
2019-11-16 04:36:16.918264064,-74.92,-109.21,1326.0,67.0,-1247.0,59.8,451.0,105.3,5,S,1A,3031
2021-03-18 05:09:01.346782976,-74.92,-109.21,1353.0,130.0,-1241.0,136.8,540.0,85.1,5,S,1A,3031
2018-02-18 04:36:00.697244928,-74.92,-109.21,1345.0,63.0,-1250.0,57.1,497.0,93.9,5,S,1A,3031
2022-01-04 15:04:52.030319104,-74.92,-109.21,1453.0,69.0,-1326.0,68.8,593.0,72.6,15,L,9.0,3031
2020-06-07 04:36:17.203068928,-74.92,-109.21,1270.0,57.0,-1217.0,53.7,362.0,85.7,5,S,1A,3031
2018-08-23 04:36:09.083576064,-74.92,-109.21,1440.0,54.0,-1376.0,53.0,425.0,67.4,6,S,1B,3031
2018-12-08 05:08:28.798102016,-74.92,-109.21,1471.0,100.0,-1371.0,103.2,534.0,71.2,11,S,1B,3031
2021-12-11 15:11:12.932545024,-74.92,-109.21,1260.0,39.0,-1181.0,40.4,439.0,30.7,61,L,9.0,3031
2021-10-14 05:09:11.074635008,-74.92,-109.21,1463.0,161.0,-1408.0,165.7,397.0,84.6,6,S,1B,3031
2021-12-01 10:00:32.748662016,-74.92,-109.21,1517.0,155.0,-1383.0,146.6,623.0,190.1,6,S,1B,3031
2014-11-21 04:36:28.165004032,-74.92,-109.21,1390.0,306.0,-1301.0,323.1,489.0,131.2,11,S,1A,3031
2018-02-13 03:43:10.075109120,-74.92,-109.21,1474.0,71.0,-1404.0,71.1,447.0,66.5,14,S,2A,3031
2018-12-26 10:00:34.439996928,-74.92,-109.21,1351.0,79.0,-1289.0,77.0,403.0,94.7,11,S,1A,3031
2022-02-20 15:14:44.075109120,-74.92,-109.21,1370.0,21.0,-1315.0,20.1,386.0,30.3,40,S,2B,3031
2020-11-07 04:36:02.316160000,-74.92,-109.21,1267.0,54.0,-1110.0,50.2,610.0,65.2,11,S,1B,3031
2021-12-26 07:28:09.113888000,-74.92,-109.21,1475.0,74.0,-1383.0,72.8,513.0,82.3,23,L,9.0,3031
2019-10-23 04:36:16.950844928,-74.92,-109.21,1269.0,76.0,-1152.0,64.5,532.0,114.3,5,S,1A,3031
2022-01-15 15:35:23.241300992,-74.92,-109.21,1436.0,54.0,-1357.0,53.3,471.0,58.8,31,L,9.0,3031
2018-06-24 04:36:05.518536960,-74.92,-109.21,1463.0,69.0,-1358.0,62.6,545.0,99.9,6,S,1B,3031
2020-08-18 04:36:21.378526976,-74.92,-109.21,1290.0,95.0,-1124.0,95.5,634.0,94.6,5,S,1A,3031
2021-01-11 10:00:25.249455104,-74.92,-109.21,1061.0,177.0,-983.0,167.7,398.0,224.9,6,S,1B,3031
2019-02-09 10:00:11.912637952,-74.92,-109.21,1432.0,126.0,-1335.0,121.4,519.0,152.4,5,S,1A,3031
2021-12-01 05:09:10.138295040,-74.92,-109.21,1285.0,166.0,-1270.0,166.6,198.0,137.7,6,S,1B,3031
2017-10-21 04:36:03.764092928,-74.92,-109.21,1322.0,60.0,-1187.0,50.5,583.0,89.9,5,S,1A,3031
2019-02-10 04:35:46.686950912,-74.92,-109.21,1248.0,45.0,-1167.0,40.1,442.0,71.6,11,S,1B,3031
2021-12-07 15:11:14.334170880,-74.92,-109.21,1397.0,47.0,-1337.0,47.6,405.0,44.6,53,L,9.0,3031
2020-10-07 10:00:27.879774976,-74.92,-109.21,1231.0,153.0,-1140.0,147.0,464.0,187.9,6,S,1B,3031
2020-03-21 04:36:13.709175040,-74.92,-109.21,1344.0,70.0,-1162.0,58.8,676.0,95.2,6,S,1B,3031
2018-12-09 04:36:09.570881792,-74.92,-109.21,1418.0,57.0,-1359.0,53.0,403.0,92.3,6,S,1B,3031
2021-01-18 04:35:59.553881088,-74.92,-109.21,1323.0,62.0,-1192.0,57.5,574.0,79.3,11,S,1B,3031
2021-12-27 15:14:43.575109120,-74.92,-109.21,1464.0,82.0,-1390.0,81.9,459.0,79.7,10,S,2B,3031
2018-02-11 05:08:19.961038080,-74.92,-109.21,1444.0,52.0,-1315.0,51.9,597.0,53.6,11,S,1B,3031
2021-08-15 10:00:31.611753216,-74.92,-109.21,1314.0,117.0,-1223.0,109.7,480.0,156.0,6,S,1B,3031
2020-12-28 04:36:21.398328064,-74.92,-109.21,1297.0,62.0,-1167.0,48.1,566.0,100.2,5,S,1A,3031
2021-05-29 05:09:04.444310016,-74.92,-109.21,1357.0,142.0,-1265.0,144.5,491.0,125.7,5,S,1A,3031
2021-10-20 10:00:33.799812096,-74.92,-109.21,1190.0,114.0,-1099.0,106.6,455.0,149.1,5,S,1A,3031
2019-11-04 04:36:16.928165120,-74.92,-109.21,1336.0,68.0,-1249.0,54.2,474.0,127.2,5,S,1A,3031
2018-02-01 15:13:38.075109120,-74.92,-109.21,1493.0,49.0,-1421.0,48.6,458.0,55.5,9,S,2A,3031
2021-06-01 10:00:48.182308096,-74.92,-109.21,1351.0,94.0,-1258.0,91.3,490.0,110.2,12,S,1A,3031
2021-02-28 10:00:23.892801024,-74.92,-109.21,1521.0,141.0,-1414.0,136.0,561.0,169.8,6,S,1B,3031
2021-12-20 15:24:43.575109120,-74.92,-109.21,1392.0,7.0,-1327.0,6.9,421.0,8.2,109,S,2B,3031
2018-03-14 04:36:00.795382016,-74.92,-109.21,1376.0,80.0,-1315.0,70.9,405.0,142.1,5,S,1A,3031
2019-04-02 04:36:07.760450048,-74.92,-109.21,1246.0,64.0,-1087.0,53.0,607.0,90.4,5,S,1A,3031
2021-05-15 04:36:21.671674112,-74.92,-109.21,1282.0,115.0,-1195.0,111.9,464.0,133.0,6,S,1B,3031
2021-02-16 10:00:24.074816000,-74.92,-109.21,1473.0,142.0,-1379.0,130.2,517.0,206.3,6,S,1B,3031
2019-01-14 04:36:08.366110976,-74.92,-109.21,1304.0,57.0,-1166.0,45.8,585.0,87.1,6,S,1B,3031
2021-10-26 05:09:11.115087872,-74.92,-109.21,1480.0,122.0,-1375.0,123.2,548.0,115.9,6,S,1B,3031
2022-01-21 15:14:43.075109120,-74.92,-109.21,1387.0,48.0,-1246.0,47.0,610.0,50.5,19,S,2B,3031
2022-01-20 15:44:36.075109120,-74.92,-109.21,1405.0,15.0,-1316.0,15.4,492.0,15.5,60,S,2B,3031
2018-01-25 04:36:01.221231104,-74.92,-109.21,1296.0,49.0,-1160.0,35.5,577.0,83.5,5,S,1A,3031
2021-02-10 15:14:47.575108864,-74.92,-109.21,1416.0,32.0,-1324.0,31.6,503.0,31.8,29,S,2B,3031
2019-05-08 04:36:08.971639040,-74.92,-109.21,1266.0,51.0,-1187.0,42.2,440.0,93.0,5,S,1A,3031
2021-12-27 15:29:11.531835904,-74.92,-109.21,1475.0,138.0,-1412.0,137.4,428.0,146.5,7,L,9.0,3031
2021-05-21 04:36:21.942631936,-74.92,-109.21,1362.0,69.0,-1150.0,60.2,730.0,88.3,5,S,1A,3031
2021-12-12 15:14:43.575109120,-74.92,-109.21,1465.0,32.0,-1390.0,31.8,465.0,32.6,19,S,2B,3031
2018-04-01 04:36:01.099694080,-74.92,-109.21,1350.0,63.0,-1288.0,59.4,405.0,88.3,6,S,1B,3031
2021-12-05 04:36:27.960732928,-74.92,-109.21,1424.0,89.0,-1278.0,66.3,629.0,149.1,6,S,1B,3031
2019-01-26 04:36:07.950431232,-74.92,-109.21,1299.0,49.0,-1214.0,44.1,462.0,73.4,6,S,1B,3031
2018-12-12 04:35:48.689648128,-74.92,-109.21,1370.0,50.0,-1330.0,48.9,329.0,65.4,11,S,1B,3031
2021-12-13 05:09:09.681828096,-74.92,-109.21,1348.0,111.0,-1213.0,109.2,588.0,118.7,6,S,1B,3031
2019-01-22 10:00:12.642433024,-74.92,-109.21,1396.0,131.0,-1303.0,124.4,501.0,165.9,6,S,1B,3031
2017-06-29 04:35:59.338398976,-74.92,-109.21,1331.0,63.0,-1225.0,56.9,520.0,91.7,6,S,1B,3031
2019-01-11 04:36:29.283256064,-74.92,-109.21,1354.0,58.0,-1286.0,55.8,425.0,73.8,11,S,1A,3031
2021-01-03 04:36:21.061579008,-74.92,-109.21,1301.0,78.0,-1188.0,68.7,531.0,115.6,6,S,1B,3031
2020-01-26 05:09:18.888465920,-74.92,-109.21,1327.0,57.0,-1258.0,57.3,423.0,57.5,11,S,1A,3031
2017-07-29 04:36:01.142490880,-74.92,-109.21,1319.0,83.0,-1157.0,71.4,635.0,113.6,5,S,1A,3031
2021-05-11 05:09:03.433695232,-74.92,-109.21,1408.0,144.0,-1366.0,145.8,341.0,100.4,6,S,1B,3031
2022-01-10 07:34:18.618206976,-74.92,-109.21,1182.0,103.0,-1115.0,101.4,392.0,118.9,7,L,9.0,3031
2019-02-21 10:00:11.933606912,-74.92,-109.21,1473.0,148.0,-1370.0,139.4,541.0,195.7,5,S,1A,3031
2021-09-12 04:36:28.378918144,-74.92,-109.21,1296.0,67.0,-1228.0,61.5,411.0,106.1,6,S,1B,3031
2016-11-07 04:36:17.724802048,-74.92,-109.21,1556.0,456.0,-1478.0,477.3,486.0,161.2,5,S,1A,3031
2017-12-14 04:36:02.863747840,-74.92,-109.21,1334.0,85.0,-1272.0,76.1,405.0,146.1,6,S,1B,3031
2021-06-02 04:36:22.778641920,-74.92,-109.21,1297.0,50.0,-1194.0,43.4,505.0,75.1,5,S,1A,3031
2017-12-08 04:36:03.002385920,-74.92,-109.21,1374.0,173.0,-1182.0,147.1,701.0,230.5,5,S,1A,3031
2020-04-14 04:36:14.326828032,-74.92,-109.21,1249.0,63.0,-1112.0,57.1,569.0,80.9,6,S,1B,3031
2020-11-18 10:00:27.621787904,-74.92,-109.21,1293.0,177.0,-1195.0,162.4,496.0,242.7,5,S,1A,3031
2019-01-31 05:09:12.332710912,-74.92,-109.21,1397.0,76.0,-1336.0,76.7,406.0,65.3,11,S,1A,3031
2020-01-20 05:08:33.508122880,-74.92,-109.21,1383.0,70.0,-1190.0,72.7,705.0,63.0,11,S,1B,3031
2021-12-30 15:24:41.575109120,-74.92,-109.21,1347.0,54.0,-1282.0,54.0,413.0,58.7,10,S,2B,3031
2020-11-28 04:36:22.677605120,-74.92,-109.21,1227.0,63.0,-1124.0,57.1,492.0,86.7,6,S,1B,3031
2016-11-01 04:36:17.845402880,-74.92,-109.21,1561.0,451.0,-1551.0,452.8,176.0,206.1,6,S,1B,3031
2022-01-28 15:04:49.678782976,-74.92,-109.21,1420.0,37.0,-1312.0,35.4,545.0,47.0,31,L,9.0,3031
2014-11-29 15:10:55.575109120,-74.92,-109.21,1510.0,50.0,-1404.0,48.1,556.0,60.7,15,L,8.0,3031
2014-11-13 15:10:58.075109120,-74.92,-109.21,1341.0,69.0,-1283.0,70.3,391.0,54.4,15,L,8.0,3031
2018-02-25 15:10:30.075109120,-74.92,-109.21,1462.0,38.0,-1389.0,38.9,454.0,32.8,15,L,8.0,3031
2018-12-27 15:04:27.075108096,-74.92,-109.21,1480.0,26.0,-1421.0,25.4,414.0,34.3,31,L,8.0,3031
2020-12-04 15:29:15.574109952,-74.92,-109.21,1404.0,44.0,-1326.0,43.6,460.0,44.7,16,L,8.0,3031
2014-11-21 15:10:57.575108864,-74.92,-109.21,1425.0,32.0,-1355.0,31.3,441.0,40.9,31,L,8.0,3031
2021-12-30 15:35:22.816101888,-74.92,-109.21,1418.0,47.0,-1305.0,47.7,556.0,44.0,15,L,8.0,3031
2018-02-25 15:10:06.462200064,-74.92,-109.21,1327.0,44.0,-1240.0,44.5,471.0,36.6,15,L,8.0,3031
2018-02-25 15:10:06.074106112,-74.92,-109.21,1326.0,44.0,-1240.0,44.5,471.0,36.6,15,L,8.0,3031
2018-02-08 15:16:24.574106880,-74.92,-109.21,1414.0,53.0,-1326.0,55.3,492.0,26.9,31,L,8.0,3031
2017-01-09 15:35:15.574112000,-74.92,-109.21,1569.0,36.0,-1518.0,36.0,396.0,39.2,31,L,8.0,3031
2018-02-14 15:28:43.074109952,-74.92,-109.21,1469.0,57.0,-1412.0,57.4,406.0,46.5,15,L,8.0,3031
2019-12-04 15:16:51.574106880,-74.92,-109.21,1315.0,41.0,-1198.0,42.0,542.0,37.0,47,L,8.0,3031
2013-12-27 15:17:57.074106880,-74.92,-109.21,1370.0,41.0,-1283.0,41.8,481.0,36.0,31,L,8.0,3031
2014-11-13 15:10:34.074106112,-74.92,-109.21,1434.0,111.0,-1369.0,103.3,428.0,174.1,15,L,8.0,3031
2017-10-04 15:10:37.074106112,-74.92,-109.21,1429.0,41.0,-1388.0,41.2,341.0,41.4,16,L,8.0,3031
2021-12-14 15:35:23.635311104,-74.92,-109.21,1364.0,46.0,-1305.0,46.4,399.0,41.5,47,L,8.0,3031
2019-11-02 15:16:56.074106880,-74.92,-109.21,1397.0,92.0,-1281.0,95.2,558.0,71.4,15,L,8.0,3031
2018-01-16 15:10:21.574106112,-74.92,-109.21,1421.0,29.0,-1337.0,29.4,482.0,24.0,63,L,8.0,3031
2022-01-03 15:10:38.384621056,-74.92,-109.21,1255.0,49.0,-1219.0,48.4,299.0,52.5,15,L,8.0,3031
2021-12-11 15:29:14.998366976,-74.92,-109.21,1326.0,65.0,-1255.0,65.9,428.0,55.2,23,L,8.0,3031
2014-11-19 15:22:55.074108928,-74.92,-109.21,1354.0,47.0,-1273.0,46.2,460.0,49.7,31,L,8.0,3031
2018-01-02 07:40:22.574109952,-74.92,-109.21,1590.0,48.0,-1497.0,46.9,535.0,53.8,15,L,8.0,3031
2018-01-24 15:10:17.574106112,-74.92,-109.21,1360.0,25.0,-1249.0,25.8,539.0,23.3,79,L,8.0,3031
2020-11-28 15:16:51.574106880,-74.92,-109.21,1349.0,67.0,-1254.0,68.4,496.0,55.9,32,L,8.0,3031
2014-12-11 07:28:01.574106880,-74.92,-109.21,1464.0,45.0,-1326.0,42.1,620.0,55.8,15,L,8.0,3031
2018-01-04 07:28:00.074106880,-74.92,-109.21,1482.0,81.0,-1390.0,83.9,513.0,55.9,15,L,8.0,3031
2014-11-29 15:10:31.574106112,-74.92,-109.21,1371.0,46.0,-1262.0,46.7,535.0,40.4,15,L,8.0,3031
2014-11-30 15:04:45.575108096,-74.92,-109.21,1411.0,25.0,-1326.0,25.1,481.0,22.9,31,L,8.0,3031
2018-12-05 07:33:57.574108928,-74.92,-109.21,1542.0,55.0,-1454.0,56.7,513.0,39.7,31,L,8.0,3031
2019-12-21 15:11:00.575109120,-74.92,-109.21,1340.0,20.0,-1229.0,19.4,535.0,21.7,63,L,8.0,3031
2018-01-24 15:10:41.575109120,-74.92,-109.21,1478.0,17.0,-1407.0,16.7,453.0,14.3,79,L,8.0,3031
2021-12-06 15:35:25.736956928,-74.92,-109.21,1340.0,37.0,-1283.0,36.7,385.0,43.7,31,L,8.0,3031
2014-11-04 15:16:45.574106880,-74.92,-109.21,1324.0,90.0,-1240.0,92.7,464.0,68.4,16,L,8.0,3031
2014-11-21 15:10:33.574106112,-74.92,-109.21,1395.0,36.0,-1305.0,36.0,492.0,38.9,31,L,8.0,3031
2017-12-23 15:10:32.574106112,-74.92,-109.21,1394.0,47.0,-1326.0,46.5,430.0,49.7,15,L,8.0,3031
2018-11-27 07:33:58.074108928,-74.92,-109.21,1522.0,60.0,-1454.0,61.4,449.0,49.9,15,L,8.0,3031
2018-03-13 15:10:22.075109120,-74.92,-109.21,1427.0,383.0,-1357.0,381.4,442.0,396.2,15,L,8.0,3031
2021-03-03 15:22:41.074108928,-74.92,-109.21,1355.0,77.0,-1262.0,76.8,492.0,79.8,15,L,8.0,3031
2018-12-13 07:33:56.574109184,-74.92,-109.21,1454.0,69.0,-1390.0,70.5,428.0,56.5,15,L,8.0,3031
2019-01-08 15:28:44.074109696,-74.92,-109.21,1459.0,26.0,-1385.0,25.7,460.0,24.8,63,L,8.0,3031
2018-01-24 15:10:21.074106368,-74.92,-109.21,1431.0,25.0,-1349.0,25.7,476.0,20.7,47,L,8.0,3031
2018-03-13 15:09:58.074106112,-74.92,-109.21,1498.0,89.0,-1387.0,89.4,567.0,83.4,15,L,8.0,3031
2014-01-18 15:30:04.074109952,-74.92,-109.21,1361.0,30.0,-1233.0,30.2,577.0,27.9,47,L,8.0,3031
2013-12-12 15:11:52.074106112,-74.92,-109.21,1377.0,21.0,-1240.0,20.4,599.0,24.8,47,L,8.0,3031
2018-01-16 15:10:45.575109120,-74.92,-109.21,1515.0,18.0,-1449.0,18.4,444.0,18.6,63,L,8.0,3031
2022-01-04 07:46:40.776247040,-74.92,-109.21,1461.0,73.0,-1305.0,72.3,658.0,75.5,15,L,8.0,3031
2019-12-21 15:10:36.574106112,-74.92,-109.21,1296.0,28.0,-1160.0,29.5,577.0,17.6,63,L,8.0,3031
2016-12-07 07:34:21.574108928,-74.92,-109.21,1598.0,71.0,-1540.0,71.8,428.0,65.1,15,L,8.0,3031
2021-12-13 15:16:53.468854016,-74.92,-109.21,1328.0,61.0,-1227.0,61.7,509.0,54.7,23,L,8.0,3031
2018-02-01 15:10:17.074106368,-74.92,-109.21,1387.0,26.0,-1295.0,26.9,497.0,19.1,63,L,8.0,3031
2018-03-05 15:10:02.074106112,-74.92,-109.21,1501.0,36.0,-1422.0,35.7,481.0,38.3,31,L,8.0,3031
2019-11-26 15:16:52.574106880,-74.92,-109.21,1349.0,43.0,-1244.0,43.9,523.0,35.4,63,L,8.0,3031
2018-01-13 15:28:56.574109952,-74.92,-109.21,1511.0,23.0,-1447.0,23.4,435.0,24.0,47,L,8.0,3031
2018-12-21 07:33:55.574108928,-74.92,-109.21,1479.0,44.0,-1401.0,45.7,473.0,31.4,63,L,8.0,3031
2019-01-06 07:33:54.074108928,-74.92,-109.21,1455.0,50.0,-1369.0,51.1,492.0,38.4,31,L,8.0,3031
2018-03-05 15:10:26.075109120,-74.92,-109.21,1520.0,267.0,-1470.0,266.2,387.0,273.7,31,L,8.0,3031
2018-12-26 15:10:37.575109120,-74.92,-109.21,1476.0,18.0,-1405.0,18.5,451.0,16.3,79,L,8.0,3031
2018-01-21 15:28:53.574109696,-74.92,-109.21,1470.0,25.0,-1385.0,25.0,492.0,21.1,63,L,8.0,3031
2014-11-26 15:29:04.074109952,-74.92,-109.21,1344.0,41.0,-1240.0,41.5,518.0,34.6,31,L,8.0,3031
2019-12-20 15:16:49.574106880,-74.92,-109.21,1348.0,57.0,-1208.0,56.8,599.0,56.2,15,L,8.0,3031
2019-01-19 07:52:25.074113024,-74.92,-109.21,1524.0,57.0,-1351.0,50.0,706.0,78.4,15,L,8.0,3031
2019-11-12 15:04:56.075108096,-74.92,-109.21,1377.0,20.0,-1278.0,20.0,513.0,21.1,63,L,8.0,3031
2016-12-02 15:23:01.074108928,-74.92,-109.21,1566.0,39.0,-1540.0,38.4,285.0,40.5,47,L,8.0,3031
2014-01-28 15:17:35.074106880,-74.92,-109.21,1325.0,57.0,-1198.0,59.7,567.0,44.4,31,L,8.0,3031
2017-11-05 15:10:34.074106112,-74.92,-109.21,1444.0,33.0,-1372.0,33.2,451.0,27.7,79,L,8.0,3031
2018-12-25 15:16:25.074106880,-74.92,-109.21,1492.0,75.0,-1433.0,77.1,417.0,42.3,31,L,8.0,3031
2019-12-17 15:35:20.574112000,-74.92,-109.21,1346.0,32.0,-1251.0,32.0,497.0,28.7,63,L,8.0,3031
2018-01-20 15:35:05.574112000,-74.92,-109.21,1514.0,31.0,-1438.0,31.0,475.0,29.1,47,L,8.0,3031
2014-01-12 15:17:46.074106880,-74.92,-109.21,1336.0,44.0,-1230.0,46.8,522.0,26.3,63,L,8.0,3031
2019-11-26 15:16:53.074106624,-74.92,-109.21,1332.0,47.0,-1208.0,48.3,561.0,40.6,31,L,8.0,3031
2017-12-23 15:10:56.575109120,-74.92,-109.21,1511.0,84.0,-1454.0,84.8,412.0,77.0,15,L,8.0,3031
2017-12-15 15:10:18.574105856,-74.92,-109.21,1390.0,29.0,-1306.0,29.9,476.0,17.4,159,L,8.0,3031
2014-12-09 07:40:23.574109952,-74.92,-109.21,1412.0,70.0,-1331.0,71.2,471.0,59.4,15,L,8.0,3031
2014-11-03 15:22:54.074108928,-74.92,-109.21,1346.0,32.0,-1257.0,30.9,481.0,38.0,64,L,8.0,3031
2018-01-28 15:35:02.574112256,-74.92,-109.21,1464.0,40.0,-1354.0,39.0,556.0,44.7,31,L,8.0,3031
2018-12-29 07:33:54.574108928,-74.92,-109.21,1469.0,45.0,-1380.0,45.8,505.0,35.8,47,L,8.0,3031
2020-12-07 15:10:42.074106112,-74.92,-109.21,1328.0,47.0,-1268.0,47.7,395.0,40.2,32,L,8.0,3031
2017-01-11 15:22:53.574108928,-74.92,-109.21,1544.0,39.0,-1508.0,38.8,331.0,40.5,31,L,8.0,3031
2017-01-02 07:21:53.574106112,-74.92,-109.21,1466.0,32.0,-1391.0,31.6,463.0,39.2,31,L,8.0,3031
2017-11-13 15:10:36.074105856,-74.92,-109.21,1431.0,34.0,-1340.0,35.2,503.0,28.9,63,L,8.0,3031
2014-11-20 15:16:46.074106880,-74.92,-109.21,1408.0,47.0,-1264.0,47.7,620.0,41.5,15,L,8.0,3031
2017-11-13 15:10:33.574106112,-74.92,-109.21,1422.0,30.0,-1347.0,30.4,457.0,21.6,95,L,8.0,3031
2020-01-14 15:10:32.574106112,-74.92,-109.21,1248.0,56.0,-1144.0,58.6,499.0,42.2,15,L,8.0,3031
2019-10-31 15:29:18.074109952,-74.92,-109.21,1336.0,65.0,-1250.0,64.8,471.0,69.4,15,L,8.0,3031
2020-12-22 15:16:45.074106624,-74.92,-109.21,1375.0,53.0,-1269.0,55.0,530.0,37.4,79,L,8.0,3031
2022-01-13 15:23:01.744313088,-74.92,-109.21,1378.0,42.0,-1292.0,41.7,479.0,44.5,39,L,8.0,3031
2018-12-01 15:16:27.574106624,-74.92,-109.21,1410.0,82.0,-1305.0,82.8,535.0,78.8,15,L,8.0,3031
2021-12-02 15:35:25.189327872,-74.92,-109.21,1348.0,50.0,-1283.0,48.0,413.0,66.3,23,L,8.0,3031
2022-01-23 15:10:37.971020032,-74.92,-109.21,1339.0,44.0,-1198.0,46.0,599.0,32.9,24,L,8.0,3031
2018-01-04 15:35:13.074112000,-74.92,-109.21,1526.0,50.0,-1454.0,49.3,462.0,54.8,15,L,8.0,3031
2014-03-18 15:10:47.074106112,-74.92,-109.21,156.0,134.0,-43.0,150.9,150.0,132.9,15,L,8.0,3031
2022-01-19 15:35:21.801444096,-74.92,-109.21,1394.0,61.0,-1312.0,60.2,471.0,66.5,24,L,8.0,3031
2022-01-11 15:35:23.903089920,-74.92,-109.21,1422.0,39.0,-1332.0,38.2,496.0,46.2,39,L,8.0,3031
2017-12-23 15:10:20.574106112,-74.92,-109.21,1387.0,28.0,-1293.0,28.7,502.0,18.3,143,L,8.0,3031
2017-11-26 15:29:10.074109952,-74.92,-109.21,1457.0,33.0,-1396.0,33.5,417.0,30.8,47,L,8.0,3031
2014-11-28 15:16:43.074106880,-74.92,-109.21,1386.0,31.0,-1283.0,29.7,524.0,39.4,31,L,8.0,3031
2018-11-28 15:35:00.074112000,-74.92,-109.21,1437.0,53.0,-1358.0,53.9,471.0,49.2,31,L,8.0,3031
2014-09-24 15:22:53.074108928,-74.92,-109.21,1355.0,88.0,-1305.0,87.9,364.0,83.8,16,L,8.0,3031
2018-12-03 07:46:19.074112000,-74.92,-109.21,1543.0,49.0,-1465.0,49.5,484.0,44.7,31,L,8.0,3031
2017-02-06 15:10:46.575109120,-74.92,-109.21,1533.0,104.0,-1497.0,100.0,332.0,161.8,15,L,8.0,3031
2016-12-25 15:29:09.074109952,-74.92,-109.21,1556.0,32.0,-1511.0,31.9,371.0,28.0,47,L,8.0,3031
2018-02-01 15:10:13.574106112,-74.92,-109.21,1387.0,27.0,-1291.0,27.5,506.0,20.8,95,L,8.0,3031
2021-12-26 15:35:24.255960064,-74.92,-109.21,1226.0,89.0,-1069.0,89.4,599.0,85.6,7,L,8.0,3031
2019-10-25 15:16:55.574106880,-74.92,-109.21,1351.0,68.0,-1245.0,69.0,525.0,59.6,31,L,8.0,3031
2016-12-27 15:16:46.574106880,-74.92,-109.21,1544.0,80.0,-1464.0,79.2,492.0,87.6,15,L,8.0,3031
2017-11-21 15:10:35.574106112,-74.92,-109.21,1403.0,30.0,-1339.0,30.5,418.0,20.2,79,L,8.0,3031
2016-12-09 15:29:12.574109952,-74.92,-109.21,1586.0,80.0,-1561.0,81.1,278.0,55.1,15,L,8.0,3031
2021-02-16 15:16:35.574107136,-74.92,-109.21,1408.0,79.0,-1306.0,83.2,526.0,49.6,31,L,8.0,3031
2020-03-07 15:28:49.574109696,-74.92,-109.21,1319.0,68.0,-1262.0,68.0,385.0,65.7,15,L,8.0,3031
2014-02-06 15:11:18.574106112,-74.92,-109.21,134.0,155.0,118.0,157.9,63.0,145.2,63,L,8.0,3031
2017-01-19 15:22:49.574108928,-74.92,-109.21,1530.0,35.0,-1494.0,35.1,331.0,30.2,47,L,8.0,3031
2018-02-21 15:34:51.074112000,-74.92,-109.21,1427.0,78.0,-1390.0,77.9,321.0,79.7,15,L,8.0,3031
2014-11-12 15:16:44.574106880,-74.92,-109.21,1369.0,40.0,-1251.0,39.9,556.0,38.3,32,L,8.0,3031
2019-11-18 15:16:54.074106880,-74.92,-109.21,1399.0,58.0,-1280.0,60.0,565.0,42.9,47,L,8.0,3031
2018-12-26 15:10:13.574106112,-74.92,-109.21,1381.0,34.0,-1280.0,35.3,519.0,22.8,79,L,8.0,3031
2019-11-24 15:29:14.574109952,-74.92,-109.21,1325.0,28.0,-1230.0,28.9,492.0,24.9,63,L,8.0,3031
2018-02-09 15:10:12.574106112,-74.92,-109.21,1390.0,40.0,-1283.0,39.9,535.0,40.0,15,L,8.0,3031
2014-02-14 15:11:10.574106112,-74.92,-109.21,132.0,142.0,104.0,145.8,81.0,134.4,79,L,8.0,3031
2021-01-08 15:10:32.574106112,-74.92,-109.21,1320.0,28.0,-1214.0,28.9,518.0,23.6,95,L,8.0,3031
2017-02-04 15:22:45.074108928,-74.92,-109.21,1646.0,76.0,-1579.0,74.6,464.0,89.0,15,L,8.0,3031
2016-12-18 15:22:56.574108928,-74.92,-109.21,1528.0,29.0,-1492.0,29.0,329.0,23.9,79,L,8.0,3031
2014-01-05 07:53:31.075109888,-74.92,-109.21,1343.0,45.0,-1292.0,43.1,368.0,62.6,15,L,8.0,3031
2018-02-09 15:10:13.074106368,-74.92,-109.21,1412.0,28.0,-1321.0,28.8,499.0,18.0,79,L,8.0,3031
2014-12-15 15:10:28.574106112,-74.92,-109.21,1369.0,39.0,-1270.0,40.4,510.0,30.2,47,L,8.0,3031
2019-11-11 15:10:43.574106112,-74.92,-109.21,1350.0,52.0,-1240.0,50.5,535.0,58.9,15,L,8.0,3031
2014-10-27 15:16:46.574106880,-74.92,-109.21,1344.0,72.0,-1269.0,73.8,444.0,49.4,32,L,8.0,3031
2018-02-17 15:10:08.574106112,-74.92,-109.21,1345.0,23.0,-1230.0,21.7,545.0,28.3,31,L,8.0,3031
2019-01-17 15:22:33.074108928,-74.92,-109.21,1497.0,53.0,-1412.0,54.9,497.0,30.6,31,L,8.0,3031
2014-01-20 15:17:42.574106880,-74.92,-109.21,1407.0,67.0,-1273.0,66.7,599.0,66.5,15,L,8.0,3031
2014-02-14 15:11:36.575109120,-74.92,-109.21,1387.0,37.0,-1292.0,36.8,504.0,35.7,47,L,8.0,3031
2014-01-13 15:11:28.574106112,-74.92,-109.21,87.0,134.0,62.0,130.8,61.0,138.0,111,L,8.0,3031
2014-10-28 15:10:33.074106112,-74.92,-109.21,1339.0,43.0,-1197.0,45.4,600.0,33.0,47,L,8.0,3031
2018-12-17 15:16:26.574106880,-74.92,-109.21,1418.0,60.0,-1340.0,62.0,463.0,36.1,47,L,8.0,3031
2014-10-18 15:22:55.074108928,-74.92,-109.21,1327.0,44.0,-1197.0,42.0,573.0,51.6,32,L,8.0,3031
2017-02-06 15:10:22.574105856,-74.92,-109.21,303.0,309.0,296.0,306.0,64.0,359.3,15,L,8.0,3031
2014-12-23 15:10:28.074106112,-74.92,-109.21,1392.0,46.0,-1301.0,47.3,496.0,39.9,31,L,8.0,3031
2014-01-21 15:11:20.574106112,-74.92,-109.21,89.0,134.0,58.0,128.8,67.0,137.4,127,L,8.0,3031
2013-12-12 15:12:16.075109120,-74.92,-109.21,1387.0,30.0,-1278.0,32.0,539.0,18.8,47,L,8.0,3031
2016-12-01 15:29:08.574109952,-74.92,-109.21,1527.0,24.0,-1472.0,24.6,405.0,19.3,95,L,8.0,3031
2021-12-15 15:29:13.665741056,-74.92,-109.21,1363.0,56.0,-1315.0,56.8,358.0,49.8,31,L,8.0,3031
2019-12-02 15:29:13.574110208,-74.92,-109.21,1321.0,41.0,-1231.0,41.8,480.0,36.8,47,L,8.0,3031
2020-01-01 07:34:17.074108928,-74.92,-109.21,1446.0,95.0,-1274.0,98.5,684.0,81.0,15,L,8.0,3031
2016-12-26 15:22:52.574108928,-74.92,-109.21,1521.0,27.0,-1463.0,27.1,416.0,22.4,95,L,8.0,3031
2016-11-07 15:29:14.574109952,-74.92,-109.21,1455.0,30.0,-1409.0,30.2,364.0,27.9,48,L,8.0,3031
2018-01-08 15:10:24.074106112,-74.92,-109.21,1377.0,29.0,-1283.0,29.3,499.0,22.8,47,L,8.0,3031
2017-10-04 15:11:01.075109120,-74.92,-109.21,1390.0,56.0,-1356.0,55.4,304.0,60.9,16,L,8.0,3031
2014-10-20 15:10:35.074106112,-74.92,-109.21,1333.0,53.0,-1189.0,53.5,602.0,50.4,32,L,8.0,3031
2018-11-08 15:10:18.074106112,-74.92,-109.21,1388.0,96.0,-1285.0,95.1,525.0,100.4,16,L,8.0,3031
2021-12-10 15:35:25.075167744,-74.92,-109.21,1338.0,53.0,-1249.0,55.4,480.0,36.7,39,L,8.0,3031
2014-12-03 15:35:15.074112000,-74.92,-109.21,1391.0,53.0,-1305.0,53.2,481.0,47.6,31,L,8.0,3031
2018-01-16 15:10:23.574106112,-74.92,-109.21,1438.0,36.0,-1348.0,37.6,500.0,18.8,31,L,8.0,3031
2014-12-07 15:10:30.574106368,-74.92,-109.21,1357.0,33.0,-1248.0,34.7,533.0,23.8,63,L,8.0,3031
2020-11-27 15:23:04.074108928,-74.92,-109.21,1402.0,81.0,-1305.0,79.6,513.0,91.9,16,L,8.0,3031
2017-12-20 15:28:59.574109952,-74.92,-109.21,1495.0,25.0,-1421.0,25.1,463.0,20.6,95,L,8.0,3031
2019-11-09 15:23:05.574108928,-74.92,-109.21,1343.0,86.0,-1198.0,87.6,606.0,79.3,15,L,8.0,3031
2015-01-14 15:22:43.074108928,-74.92,-109.21,1399.0,34.0,-1339.0,33.9,405.0,29.5,79,L,8.0,3031
2014-02-05 15:17:31.574106880,-74.92,-109.21,1485.0,64.0,-1390.0,64.1,522.0,66.7,15,L,8.0,3031
2022-01-02 15:16:48.677299968,-74.92,-109.21,1358.0,53.0,-1266.0,54.6,492.0,44.7,63,L,8.0,3031
2021-12-26 15:35:24.722298112,-74.92,-109.21,1382.0,26.0,-1297.0,26.0,478.0,29.2,71,L,8.0,3031
2018-01-30 15:22:39.574108928,-74.92,-109.21,1500.0,42.0,-1401.0,41.1,535.0,46.8,31,L,8.0,3031
2017-12-19 15:35:15.574112000,-74.92,-109.21,1441.0,77.0,-1347.0,77.9,513.0,74.8,16,L,8.0,3031
2014-01-04 15:17:53.574106880,-74.92,-109.21,1395.0,27.0,-1276.0,25.9,564.0,34.1,47,L,8.0,3031
2014-11-05 15:10:32.574106112,-74.92,-109.21,1340.0,35.0,-1227.0,36.5,539.0,28.9,63,L,8.0,3031
2015-01-16 15:10:15.074106112,-74.92,-109.21,1326.0,23.0,-1272.0,22.9,373.0,24.8,111,L,8.0,3031
2021-02-08 15:16:39.074106880,-74.92,-109.21,1407.0,94.0,-1310.0,97.2,512.0,66.6,15,L,8.0,3031
2014-11-20 15:16:41.574106880,-74.92,-109.21,1362.0,38.0,-1255.0,38.2,528.0,38.3,47,L,8.0,3031
2019-10-17 15:16:56.574106880,-74.92,-109.21,1290.0,85.0,-1082.0,79.4,702.0,97.8,16,L,8.0,3031
2015-01-24 15:10:14.574105856,-74.92,-109.21,1350.0,23.0,-1278.0,23.1,436.0,26.1,95,L,8.0,3031
2016-12-16 15:35:22.074112000,-74.92,-109.21,1618.0,85.0,-1592.0,85.6,289.0,79.1,15,L,8.0,3031
2022-01-03 15:11:02.348676096,-74.92,-109.21,1349.0,34.0,-1315.0,34.1,303.0,34.2,15,L,8.0,3031
2021-12-19 15:29:14.446876928,-74.92,-109.21,1148.0,128.0,-1047.0,131.3,471.0,111.2,7,L,8.0,3031
2014-01-13 15:12:00.075109120,-74.92,-109.21,1312.0,78.0,-1198.0,81.1,535.0,57.1,15,L,8.0,3031
2019-12-05 15:10:40.574106112,-74.92,-109.21,1312.0,42.0,-1162.0,44.2,609.0,31.6,31,L,8.0,3031
2019-10-26 15:11:07.075109120,-74.92,-109.21,1363.0,32.0,-1273.0,33.3,486.0,24.0,47,L,8.0,3031
2019-11-18 15:16:52.074106880,-74.92,-109.21,1325.0,42.0,-1220.0,43.1,516.0,36.6,79,L,8.0,3031
2019-01-26 15:16:21.074106880,-74.92,-109.21,1398.0,52.0,-1273.0,52.5,578.0,46.3,31,L,8.0,3031
2019-11-27 15:11:01.575108864,-74.92,-109.21,1364.0,16.0,-1267.0,16.6,505.0,10.9,111,L,8.0,3031
2015-01-08 15:10:17.074106368,-74.92,-109.21,1350.0,21.0,-1274.0,20.8,447.0,21.1,127,L,8.0,3031
2014-12-06 15:16:42.074106880,-74.92,-109.21,1380.0,58.0,-1305.0,57.9,449.0,59.4,15,L,8.0,3031
2014-02-06 15:11:42.575109120,-74.92,-109.21,1373.0,23.0,-1270.0,23.7,522.0,17.8,63,L,8.0,3031
2021-01-14 15:22:55.074108928,-74.92,-109.21,1404.0,43.0,-1333.0,44.2,441.0,24.8,79,L,8.0,3031
2021-01-23 15:16:42.074106880,-74.92,-109.21,1408.0,66.0,-1339.0,67.0,435.0,52.9,79,L,8.0,3031
2014-11-04 15:16:45.574106880,-74.92,-109.21,1334.0,43.0,-1255.0,44.1,451.0,38.6,47,L,8.0,3031
2020-11-18 15:29:13.574110208,-74.92,-109.21,1448.0,58.0,-1381.0,56.9,435.0,68.9,16,L,8.0,3031
2014-10-26 15:22:53.074108928,-74.92,-109.21,1346.0,28.0,-1259.0,28.2,475.0,29.8,80,L,8.0,3031
2017-01-01 15:35:17.574112000,-74.92,-109.21,1550.0,36.0,-1464.0,36.8,510.0,33.2,47,L,8.0,3031
2014-12-29 15:22:44.074108928,-74.92,-109.21,1377.0,24.0,-1310.0,24.1,423.0,18.1,111,L,8.0,3031
2018-12-26 07:52:28.074113024,-74.92,-109.21,1448.0,45.0,-1369.0,45.5,471.0,39.7,31,L,8.0,3031
2021-12-07 15:29:16.580781824,-74.92,-109.21,1340.0,63.0,-1283.0,62.1,385.0,71.6,15,L,8.0,3031
2017-01-02 15:29:06.574109952,-74.92,-109.21,1552.0,43.0,-1486.0,42.9,449.0,40.4,31,L,8.0,3031
2015-12-02 15:10:30.574106368,-74.92,-109.21,661.0,571.0,636.0,556.1,179.0,734.0,15,L,8.0,3031
2021-11-02 03:16:51.530191872,-74.92,-109.21,1445.0,37.0,-1375.0,35.8,444.0,43.1,36,L,8.0,3031
2014-10-19 15:16:45.074106880,-74.92,-109.21,1320.0,92.0,-1246.0,91.8,436.0,96.8,15,L,8.0,3031
2020-01-06 15:10:35.074106112,-74.92,-109.21,1264.0,37.0,-1106.0,37.5,611.0,33.8,31,L,8.0,3031
2021-01-07 15:16:39.574107136,-74.92,-109.21,1417.0,63.0,-1312.0,66.5,536.0,37.9,111,L,8.0,3031
2019-01-01 15:22:34.574108928,-74.92,-109.21,1466.0,30.0,-1395.0,30.2,452.0,24.6,63,L,8.0,3031
2014-10-10 15:22:54.074108928,-74.92,-109.21,1317.0,35.0,-1244.0,34.8,433.0,37.4,48,L,8.0,3031
2018-02-25 15:10:04.574106112,-74.92,-109.21,1418.0,34.0,-1313.0,35.4,535.0,20.6,47,L,8.0,3031
2018-12-28 07:40:05.574109952,-74.92,-109.21,1475.0,39.0,-1390.0,38.9,494.0,43.5,31,L,8.0,3031
2021-11-13 15:29:19.253776896,-74.92,-109.21,1377.0,39.0,-1315.0,40.0,408.0,32.4,31,L,8.0,3031
2017-12-31 15:10:16.574106112,-74.92,-109.21,1391.0,29.0,-1305.0,30.1,482.0,17.0,159,L,8.0,3031
2020-09-30 15:35:23.074112000,-74.92,-109.21,1356.0,46.0,-1283.0,44.2,438.0,59.9,32,L,8.0,3031
2021-12-30 15:10:39.786248960,-74.92,-109.21,1367.0,69.0,-1284.0,68.9,469.0,65.6,7,L,8.0,3031
2017-02-20 15:22:37.574108928,-74.92,-109.21,1544.0,48.0,-1541.0,47.9,103.0,53.5,47,L,8.0,3031
2017-02-28 15:22:33.574108928,-74.92,-109.21,1506.0,57.0,-1447.0,56.3,418.0,69.0,31,L,8.0,3031
2017-10-25 15:29:13.074109952,-74.92,-109.21,1512.0,70.0,-1369.0,69.4,642.0,70.2,16,L,8.0,3031
2021-11-07 15:16:57.329757696,-74.92,-109.21,1409.0,31.0,-1330.0,29.2,466.0,41.2,47,L,8.0,3031
2018-12-20 07:40:07.574109952,-74.92,-109.21,1467.0,30.0,-1402.0,30.6,431.0,28.0,47,L,8.0,3031
2019-12-13 15:10:38.074106112,-74.92,-109.21,1298.0,30.0,-1168.0,32.1,566.0,21.9,79,L,8.0,3031
2021-01-22 15:22:51.074108928,-74.92,-109.21,1441.0,43.0,-1342.0,45.2,525.0,22.3,95,L,8.0,3031
2020-10-26 15:23:02.074109184,-74.92,-109.21,1372.0,42.0,-1289.0,42.0,470.0,42.5,80,L,8.0,3031
2019-11-10 15:16:53.574106880,-74.92,-109.21,1322.0,51.0,-1206.0,53.3,541.0,37.9,63,L,8.0,3031
2018-12-16 15:22:37.574108928,-74.92,-109.21,1448.0,50.0,-1399.0,50.6,373.0,43.1,31,L,8.0,3031
2022-01-27 15:35:19.625767936,-74.92,-109.21,1443.0,143.0,-1333.0,136.2,555.0,176.0,8,L,8.0,3031
2018-02-01 15:10:37.575109120,-74.92,-109.21,1449.0,79.0,-1372.0,78.9,465.0,83.5,95,L,8.0,3031
2016-11-25 15:16:51.074106880,-74.92,-109.21,1533.0,35.0,-1495.0,35.0,340.0,34.4,47,L,8.0,3031
2021-12-28 15:23:02.071965952,-74.92,-109.21,1276.0,137.0,-1195.0,135.6,446.0,144.4,7,L,8.0,3031
2019-01-24 15:28:43.074109952,-74.92,-109.21,1411.0,51.0,-1302.0,51.8,544.0,49.2,31,L,8.0,3031
2016-11-15 15:29:12.074109952,-74.92,-109.21,1497.0,29.0,-1452.0,28.6,364.0,28.6,63,L,8.0,3031
2021-12-28 07:40:31.824302336,-74.92,-109.21,1294.0,131.0,-1258.0,132.2,299.0,107.4,15,L,8.0,3031
2017-02-04 15:22:42.074108672,-74.92,-109.21,1503.0,25.0,-1449.0,24.8,399.0,30.8,79,L,8.0,3031
2014-11-12 15:16:42.574106880,-74.92,-109.21,1343.0,43.0,-1277.0,43.6,417.0,32.0,63,L,8.0,3031
2021-11-25 15:29:17.119873024,-74.92,-109.21,1358.0,24.0,-1283.0,23.6,444.0,24.2,55,L,8.0,3031
2017-10-09 15:29:07.574109952,-74.92,-109.21,1467.0,39.0,-1412.0,39.7,398.0,36.2,48,L,8.0,3031
2014-01-13 15:11:52.575109120,-74.92,-109.21,1383.0,15.0,-1272.0,15.3,542.0,10.1,111,L,8.0,3031
2021-01-29 15:29:00.074109952,-74.92,-109.21,1420.0,19.0,-1317.0,18.9,532.0,18.2,95,L,8.0,3031
2021-05-17 15:11:15.530985984,-74.92,-109.21,1292.0,46.0,-1200.0,48.2,477.0,30.9,354,L,8.0,3031
2018-12-18 07:52:05.575109888,-74.92,-109.21,1477.0,20.0,-1402.0,19.6,464.0,25.8,47,L,8.0,3031
2015-12-21 07:34:11.074108928,-74.92,-109.21,1505.0,61.0,-1495.0,61.1,177.0,64.7,16,L,8.0,3031
2017-12-07 15:10:27.074106112,-74.92,-109.21,1399.0,28.0,-1313.0,29.0,484.0,17.6,111,L,8.0,3031
2021-07-04 15:11:06.276633088,-74.92,-109.21,1313.0,34.0,-1201.0,34.5,532.0,30.7,258,L,8.0,3031
2014-02-02 15:36:04.074112000,-74.92,-109.21,1390.0,40.0,-1271.0,39.9,562.0,40.4,31,L,8.0,3031
2017-12-12 15:29:05.574110208,-74.92,-109.21,1452.0,80.0,-1355.0,79.5,523.0,80.6,16,L,8.0,3031
2017-02-02 15:35:07.074112000,-74.92,-109.21,1535.0,92.0,-1488.0,85.4,378.0,161.5,15,L,8.0,3031
2020-01-27 15:29:01.574109696,-74.92,-109.21,1391.0,30.0,-1288.0,29.9,525.0,30.3,63,L,8.0,3031
2014-09-26 15:10:32.074106112,-74.92,-109.21,1227.0,65.0,-1102.0,46.4,540.0,114.2,16,L,8.0,3031
2018-08-03 15:16:21.074106880,-74.92,-109.21,1426.0,51.0,-1338.0,53.3,494.0,27.8,320,L,8.0,3031
2020-10-19 15:16:50.074106880,-74.92,-109.21,1349.0,28.0,-1261.0,27.5,478.0,31.6,47,L,8.0,3031
2018-01-16 07:52:14.075109888,-74.92,-109.21,1591.0,67.0,-1543.0,67.5,390.0,64.7,15,L,8.0,3031
2021-12-23 15:04:54.722791936,-74.92,-109.21,1398.0,136.0,-1368.0,136.0,287.0,134.4,7,L,8.0,3031
2018-12-23 15:28:47.074109952,-74.92,-109.21,1476.0,50.0,-1413.0,50.3,428.0,44.0,31,L,8.0,3031
2017-01-17 15:35:11.574112000,-74.92,-109.21,1550.0,34.0,-1511.0,32.9,345.0,47.1,47,L,8.0,3031
2021-12-30 15:11:03.767235328,-74.92,-109.21,1425.0,95.0,-1328.0,98.4,517.0,63.7,7,L,8.0,3031
2014-12-23 15:10:16.074106112,-74.92,-109.21,1324.0,23.0,-1259.0,23.6,411.0,18.3,159,L,8.0,3031
2021-07-02 15:16:48.571415040,-74.92,-109.21,1374.0,61.0,-1310.0,62.5,416.0,36.5,304,L,8.0,3031
2020-12-30 15:16:43.074106880,-74.92,-109.21,1351.0,57.0,-1259.0,59.9,491.0,32.7,95,L,8.0,3031
2019-01-10 15:16:22.074107136,-74.92,-109.21,1417.0,54.0,-1322.0,56.8,511.0,30.5,63,L,8.0,3031
2021-02-24 15:16:33.574106880,-74.92,-109.21,1379.0,95.0,-1262.0,94.8,556.0,95.1,15,L,8.0,3031
2015-02-09 15:10:11.574106112,-74.92,-109.21,1342.0,29.0,-1262.0,27.3,457.0,36.8,63,L,8.0,3031
2021-01-21 15:28:59.574109952,-74.92,-109.21,1417.0,17.0,-1325.0,16.9,502.0,16.3,111,L,8.0,3031
2020-01-03 15:29:05.074109952,-74.92,-109.21,1369.0,15.0,-1262.0,15.0,530.0,15.6,111,L,8.0,3031
2017-01-01 15:35:18.574112000,-74.92,-109.21,1706.0,77.0,-1668.0,77.4,359.0,73.3,15,L,8.0,3031
2021-01-06 15:22:54.074109184,-74.92,-109.21,1417.0,49.0,-1330.0,51.1,488.0,27.9,95,L,8.0,3031
2020-11-05 15:11:06.075109120,-74.92,-109.21,1463.0,49.0,-1403.0,50.2,416.0,39.6,31,L,8.0,3031
2020-10-18 15:23:01.074108928,-74.92,-109.21,1374.0,43.0,-1283.0,44.2,492.0,36.6,64,L,8.0,3031
2014-11-21 15:10:29.574106112,-74.92,-109.21,1319.0,30.0,-1226.0,30.3,487.0,28.7,95,L,8.0,3031
2018-07-18 15:16:27.574106624,-74.92,-109.21,1435.0,50.0,-1353.0,52.2,478.0,27.9,351,L,8.0,3031
2018-01-28 15:35:01.574112000,-74.92,-109.21,1460.0,24.0,-1387.0,24.4,456.0,24.8,63,L,8.0,3031
2017-10-01 15:29:07.574109952,-74.92,-109.21,1449.0,52.0,-1389.0,50.7,414.0,60.2,32,L,8.0,3031
2016-10-15 15:23:01.074108928,-74.92,-109.21,1543.0,44.0,-1491.0,44.1,399.0,39.2,48,L,8.0,3031
2018-07-11 15:10:10.574106112,-74.92,-109.21,1422.0,30.0,-1326.0,30.8,513.0,23.8,256,L,8.0,3031
2021-01-14 15:22:50.074109184,-74.92,-109.21,1423.0,48.0,-1332.0,50.2,500.0,26.1,111,L,8.0,3031
2018-12-18 15:10:12.574106112,-74.92,-109.21,1378.0,28.0,-1286.0,28.7,495.0,23.5,95,L,8.0,3031
2014-10-12 15:10:33.074106112,-74.92,-109.21,1256.0,38.0,-1155.0,35.1,493.0,50.3,48,L,8.0,3031
2014-12-22 15:16:38.574106880,-74.92,-109.21,1350.0,32.0,-1252.0,32.6,506.0,30.8,79,L,8.0,3031
2020-06-05 15:16:48.574106880,-74.92,-109.21,1304.0,52.0,-1203.0,55.2,503.0,27.7,320,L,8.0,3031
2018-07-03 15:10:14.574105856,-74.92,-109.21,1405.0,28.0,-1312.0,28.5,504.0,20.2,272,L,8.0,3031
2013-12-20 15:12:10.075109120,-74.92,-109.21,1383.0,22.0,-1262.0,22.2,566.0,18.1,63,L,8.0,3031
2018-02-17 15:10:32.575109120,-74.92,-109.21,1458.0,35.0,-1373.0,35.6,492.0,30.4,31,L,8.0,3031
2021-12-23 15:29:13.114251008,-74.92,-109.21,1326.0,55.0,-1262.0,54.3,406.0,62.2,15,L,8.0,3031
2014-11-22 15:04:43.575108096,-74.92,-109.21,1348.0,28.0,-1240.0,28.2,528.0,24.8,47,L,8.0,3031
2020-07-15 15:16:44.574106880,-74.92,-109.21,1315.0,51.0,-1206.0,54.3,523.0,26.8,399,L,8.0,3031
2020-11-10 15:29:15.074109696,-74.92,-109.21,1421.0,52.0,-1390.0,52.0,294.0,55.3,32,L,8.0,3031
2014-10-20 15:10:31.074106112,-74.92,-109.21,1283.0,30.0,-1190.0,28.1,480.0,40.7,64,L,8.0,3031
2018-07-18 15:16:22.074107136,-74.92,-109.21,1424.0,49.0,-1340.0,50.9,483.0,27.5,288,L,8.0,3031
2021-11-05 15:29:18.736466944,-74.92,-109.21,1385.0,30.0,-1317.0,29.4,431.0,31.2,47,L,8.0,3031
2021-06-17 15:10:39.495664640,-74.92,-109.21,1316.0,35.0,-1210.0,36.2,518.0,25.4,415,L,8.0,3031
2016-12-29 07:46:38.574112256,-74.92,-109.21,1582.0,43.0,-1513.0,43.9,462.0,39.3,31,L,8.0,3031
2015-10-20 15:28:58.574109952,-74.92,-109.21,1553.0,83.0,-1518.0,82.5,326.0,87.7,16,L,8.0,3031
2013-12-17 15:30:26.074109952,-74.92,-109.21,1387.0,78.0,-1241.0,77.4,619.0,80.5,15,L,8.0,3031
2019-01-07 15:34:53.574112000,-74.92,-109.21,1461.0,20.0,-1348.0,20.8,564.0,17.5,111,L,8.0,3031
2016-12-05 15:04:51.575107840,-74.92,-109.21,1523.0,23.0,-1470.0,23.8,398.0,19.5,63,L,8.0,3031
2018-02-05 15:34:58.574111744,-74.92,-109.21,1452.0,30.0,-1365.0,29.4,494.0,30.6,47,L,8.0,3031
2020-11-18 15:29:15.574109952,-74.92,-109.21,1421.0,36.0,-1324.0,36.4,516.0,35.8,48,L,8.0,3031
2014-12-30 15:16:37.574106880,-74.92,-109.21,1338.0,24.0,-1230.0,24.3,527.0,24.6,63,L,8.0,3031
2018-02-09 15:10:36.575109120,-74.92,-109.21,1488.0,78.0,-1407.0,78.8,483.0,74.9,15,L,8.0,3031
2019-01-03 07:52:26.074113024,-74.92,-109.21,1454.0,44.0,-1387.0,44.8,436.0,29.9,47,L,8.0,3031
2017-11-19 15:22:51.574108928,-74.92,-109.21,1482.0,38.0,-1416.0,38.1,438.0,31.0,111,L,8.0,3031
2017-01-17 15:35:14.074112000,-74.92,-109.21,1531.0,84.0,-1358.0,82.0,708.0,88.9,15,L,8.0,3031
2014-12-14 15:16:37.074106880,-74.92,-109.21,1346.0,34.0,-1242.0,35.3,519.0,28.8,95,L,8.0,3031
2015-12-30 07:27:58.574106880,-74.92,-109.21,1725.0,71.0,-1634.0,69.0,552.0,88.2,15,L,8.0,3031
2020-11-28 15:16:46.074106880,-74.92,-109.21,1386.0,14.0,-1306.0,13.9,465.0,17.4,127,L,8.0,3031
2021-11-17 15:29:16.602563072,-74.92,-109.21,1396.0,26.0,-1321.0,26.2,451.0,22.8,71,L,8.0,3031
2018-07-02 15:16:28.574106880,-74.92,-109.21,1435.0,49.0,-1349.0,50.9,489.0,28.2,319,L,8.0,3031
2021-12-31 07:46:42.031186944,-74.92,-109.21,1521.0,88.0,-1369.0,85.9,663.0,98.5,7,L,8.0,3031
2017-12-29 15:22:50.574108928,-74.92,-109.21,1482.0,42.0,-1414.0,42.0,443.0,44.7,31,L,8.0,3031
2018-06-25 15:10:13.574106112,-74.92,-109.21,1411.0,23.0,-1329.0,24.0,474.0,15.8,256,L,8.0,3031
2018-07-03 15:10:09.574106112,-74.92,-109.21,1405.0,28.0,-1336.0,29.0,436.0,23.5,240,L,8.0,3031
2021-08-04 15:10:30.241313280,-74.92,-109.21,1328.0,32.0,-1217.0,33.0,532.0,28.6,320,L,8.0,3031
2020-10-20 15:10:40.074105856,-74.92,-109.21,1359.0,65.0,-1288.0,63.9,435.0,70.3,64,L,8.0,3031
2021-08-16 15:10:31.315108096,-74.92,-109.21,1329.0,31.0,-1227.0,31.9,510.0,26.4,344,L,8.0,3031
2018-07-19 15:10:06.574106112,-74.92,-109.21,1411.0,31.0,-1316.0,32.4,509.0,19.8,240,L,8.0,3031
2019-01-02 15:16:23.574106624,-74.92,-109.21,1398.0,45.0,-1308.0,46.7,493.0,30.5,79,L,8.0,3031
2021-10-20 15:29:20.857972736,-74.92,-109.21,1358.0,80.0,-1262.0,80.7,501.0,79.2,16,L,8.0,3031
2020-02-04 15:28:58.074109952,-74.92,-109.21,1363.0,25.0,-1283.0,24.9,460.0,27.3,79,L,8.0,3031
2015-01-07 15:16:34.574106880,-74.92,-109.21,1341.0,46.0,-1248.0,46.1,492.0,46.2,47,L,8.0,3031
2020-01-11 15:29:01.574109696,-74.92,-109.21,1358.0,13.0,-1271.0,12.4,477.0,14.8,127,L,8.0,3031
2014-10-28 15:10:30.574106112,-74.92,-109.21,1295.0,27.0,-1186.0,25.8,520.0,31.8,80,L,8.0,3031
2019-11-27 15:10:42.074106112,-74.92,-109.21,1284.0,36.0,-1187.0,36.4,489.0,33.5,47,L,8.0,3031
2020-12-05 15:22:52.074108928,-74.92,-109.21,1404.0,44.0,-1315.0,45.9,493.0,27.4,159,L,8.0,3031
2017-11-18 15:29:10.074109952,-74.92,-109.21,1499.0,23.0,-1408.0,23.0,515.0,23.1,63,L,8.0,3031
2019-01-19 07:52:01.075109632,-74.92,-109.21,1508.0,64.0,-1372.0,62.6,627.0,71.0,15,L,8.0,3031
2021-06-24 07:34:21.655881984,-74.92,-109.21,1414.0,33.0,-1320.0,34.3,505.0,22.2,359,L,8.0,3031
2019-07-05 15:16:36.074106880,-74.92,-109.21,1375.0,47.0,-1271.0,49.5,524.0,28.7,352,L,8.0,3031
2021-06-29 15:10:40.569460224,-74.92,-109.21,1329.0,33.0,-1218.0,35.1,531.0,23.2,439,L,8.0,3031
2020-06-22 15:10:36.574106112,-74.92,-109.21,1274.0,21.0,-1145.0,22.3,558.0,14.3,304,L,8.0,3031
2021-12-27 15:04:53.301443072,-74.92,-109.21,1425.0,49.0,-1356.0,48.5,437.0,52.7,15,L,8.0,3031
2014-12-06 15:16:38.074106880,-74.92,-109.21,1329.0,33.0,-1245.0,33.5,464.0,32.8,111,L,8.0,3031
2014-10-28 15:10:57.075109120,-74.92,-109.21,1357.0,35.0,-1239.0,35.0,553.0,32.4,47,L,8.0,3031
2019-10-26 15:10:43.074106112,-74.92,-109.21,1289.0,6.0,-1219.0,5.0,420.0,12.0,47,L,8.0,3031
2018-06-01 15:10:26.074106112,-74.92,-109.21,1398.0,26.0,-1304.0,27.0,505.0,19.9,335,L,8.0,3031
2016-12-03 15:16:49.574106880,-74.92,-109.21,1552.0,31.0,-1493.0,31.6,424.0,26.6,63,L,8.0,3031
2018-12-04 07:40:08.074109696,-74.92,-109.21,1466.0,75.0,-1392.0,75.9,460.0,60.8,15,L,8.0,3031
2017-12-15 15:10:42.575109120,-74.92,-109.21,1467.0,34.0,-1399.0,34.1,442.0,33.1,159,L,8.0,3031
2019-11-11 15:11:07.575109120,-74.92,-109.21,1590.0,98.0,-1514.0,98.4,487.0,96.4,15,L,8.0,3031
2016-01-08 15:29:00.574109952,-74.92,-109.21,1590.0,71.0,-1540.0,72.0,396.0,62.3,15,L,8.0,3031
2017-11-02 15:29:04.574109952,-74.92,-109.21,1470.0,23.0,-1412.0,22.5,410.0,22.8,96,L,8.0,3031
2020-12-13 15:22:48.074108928,-74.92,-109.21,1423.0,38.0,-1318.0,40.0,537.0,23.0,175,L,8.0,3031
2017-07-04 07:28:03.574107136,-74.92,-109.21,1444.0,43.0,-1370.0,44.8,457.0,26.0,351,L,8.0,3031
2018-06-20 07:34:05.574108928,-74.92,-109.21,1474.0,32.0,-1410.0,33.1,428.0,18.2,367,L,8.0,3031
2021-08-03 15:16:41.635309056,-74.92,-109.21,1402.0,60.0,-1318.0,62.2,476.0,36.9,368,L,8.0,3031
2017-12-12 15:28:59.574109952,-74.92,-109.21,1485.0,15.0,-1419.0,15.2,437.0,15.6,111,L,8.0,3031
2021-02-24 15:16:31.574106624,-74.92,-109.21,1348.0,72.0,-1252.0,75.6,499.0,43.9,47,L,8.0,3031
2018-07-11 15:10:05.574106112,-74.92,-109.21,1416.0,29.0,-1334.0,29.4,476.0,26.9,224,L,8.0,3031
2018-11-08 15:10:42.075109120,-74.92,-109.21,1587.0,84.0,-1501.0,82.0,517.0,99.7,16,L,8.0,3031
2014-11-05 15:10:56.575109120,-74.92,-109.21,1376.0,29.0,-1276.0,30.0,516.0,22.8,63,L,8.0,3031
2020-05-21 15:10:42.074106112,-74.92,-109.21,1284.0,20.0,-1152.0,20.5,566.0,19.3,368,L,8.0,3031
2019-01-23 15:34:51.574112000,-74.92,-109.21,1458.0,30.0,-1335.0,30.2,587.0,30.4,79,L,8.0,3031
2018-04-30 15:10:29.074106112,-74.92,-109.21,1407.0,40.0,-1321.0,41.8,483.0,24.2,399,L,8.0,3031
2014-11-06 15:04:47.075108096,-74.92,-109.21,1407.0,66.0,-1347.0,65.9,406.0,64.9,16,L,8.0,3031
2020-05-28 15:16:50.074106880,-74.92,-109.21,1284.0,49.0,-1195.0,51.6,471.0,27.3,335,L,8.0,3031
2018-01-05 15:28:55.074109952,-74.92,-109.21,1501.0,24.0,-1428.0,23.2,462.0,27.4,63,L,8.0,3031
2021-07-06 07:34:19.966782976,-74.92,-109.21,1417.0,35.0,-1321.0,36.5,513.0,23.2,383,L,8.0,3031
2014-12-27 15:35:09.074112000,-74.92,-109.21,1403.0,19.0,-1319.0,19.5,478.0,18.5,79,L,8.0,3031
2018-08-12 15:10:09.074106368,-74.92,-109.21,1406.0,27.0,-1312.0,28.6,506.0,15.9,351,L,8.0,3031
2019-11-27 15:10:37.574106112,-74.92,-109.21,1381.0,4.0,-1288.0,2.0,497.0,9.0,111,L,8.0,3031
2015-11-29 15:28:58.074109952,-74.92,-109.21,1591.0,21.0,-1547.0,21.0,372.0,21.4,96,L,8.0,3031
2018-08-20 15:10:05.074105856,-74.92,-109.21,1407.0,27.0,-1318.0,28.0,492.0,14.6,336,L,8.0,3031
2020-07-03 07:34:18.574108928,-74.92,-109.21,1380.0,33.0,-1276.0,35.1,525.0,19.1,352,L,8.0,3031
2016-11-08 15:22:58.074109184,-74.92,-109.21,1559.0,34.0,-1513.0,34.7,375.0,28.6,96,L,8.0,3031
2018-05-24 15:10:25.074106112,-74.92,-109.21,1418.0,25.0,-1331.0,25.5,488.0,16.1,319,L,8.0,3031
2018-04-22 15:10:28.074106112,-74.92,-109.21,1423.0,31.0,-1329.0,32.3,509.0,20.8,383,L,8.0,3031
2018-07-10 15:16:23.574106624,-74.92,-109.21,1396.0,46.0,-1323.0,47.9,447.0,26.1,272,L,8.0,3031
2020-01-03 15:29:08.074109952,-74.92,-109.21,1312.0,79.0,-1198.0,79.9,535.0,72.9,15,L,8.0,3031
2017-12-23 15:10:44.575109120,-74.92,-109.21,1475.0,11.0,-1401.0,11.1,462.0,10.3,143,L,8.0,3031
2019-10-18 15:10:44.574106112,-74.92,-109.21,1309.0,23.0,-1228.0,20.6,454.0,36.1,32,L,8.0,3031
2019-12-13 15:11:02.075109120,-74.92,-109.21,1385.0,18.0,-1278.0,18.1,534.0,17.2,79,L,8.0,3031
2020-01-03 15:29:02.574109952,-74.92,-109.21,1341.0,11.0,-1245.0,11.3,498.0,12.2,143,L,8.0,3031
2021-03-12 15:16:26.074107136,-74.92,-109.21,1331.0,73.0,-1228.0,74.9,513.0,57.2,15,L,8.0,3031
2019-12-02 15:29:12.574109952,-74.92,-109.21,1326.0,24.0,-1219.0,23.6,522.0,24.3,79,L,8.0,3031
2021-08-14 15:22:53.555328768,-74.92,-109.21,1401.0,34.0,-1320.0,35.5,469.0,22.2,344,L,8.0,3031
2021-11-29 15:29:15.787247104,-74.92,-109.21,1383.0,22.0,-1289.0,22.3,502.0,21.0,63,L,8.0,3031
2021-11-21 15:29:15.269936640,-74.92,-109.21,1399.0,25.0,-1321.0,25.7,463.0,22.1,79,L,8.0,3031
2018-11-21 15:28:49.074109952,-74.92,-109.21,1532.0,49.0,-1449.0,49.1,497.0,44.3,31,L,8.0,3031
2018-07-09 15:22:41.574108928,-74.92,-109.21,1479.0,29.0,-1409.0,29.6,450.0,16.2,351,L,8.0,3031
2018-06-24 15:16:30.074106880,-74.92,-109.21,1386.0,44.0,-1316.0,45.7,434.0,25.2,303,L,8.0,3031
2014-10-20 15:10:59.075109120,-74.92,-109.21,1370.0,52.0,-1243.0,52.8,576.0,45.7,32,L,8.0,3031
2018-04-14 15:10:26.074106112,-74.92,-109.21,1403.0,24.0,-1321.0,24.4,473.0,21.0,399,L,8.0,3031
2017-11-26 15:28:54.074109952,-74.92,-109.21,1487.0,16.0,-1427.0,15.6,418.0,16.4,143,L,8.0,3031
2017-11-03 15:22:55.074108928,-74.92,-109.21,1481.0,15.0,-1437.0,14.6,360.0,19.1,79,L,8.0,3031
2018-12-18 15:10:36.575109120,-74.92,-109.21,1493.0,14.0,-1425.0,13.7,447.0,14.9,95,L,8.0,3031
2016-11-06 15:35:20.074112256,-74.92,-109.21,1543.0,26.0,-1493.0,26.5,391.0,25.8,96,L,8.0,3031
2014-01-05 07:53:55.074113024,-74.92,-109.21,1346.0,45.0,-1283.0,44.9,406.0,48.5,15,L,8.0,3031
2021-08-22 15:22:49.399693056,-74.92,-109.21,1413.0,40.0,-1317.0,41.6,512.0,25.7,328,L,8.0,3031
2018-07-11 15:10:20.574106112,-74.92,-109.21,1405.0,24.0,-1308.0,25.6,514.0,14.1,415,L,8.0,3031
2019-12-10 15:29:11.574109952,-74.92,-109.21,1335.0,32.0,-1235.0,31.7,507.0,30.9,63,L,8.0,3031
2018-06-01 15:10:24.574106112,-74.92,-109.21,1415.0,20.0,-1338.0,20.2,461.0,14.4,303,L,8.0,3031
2017-11-06 15:04:46.075107840,-74.92,-109.21,1486.0,15.0,-1433.0,15.1,393.0,15.2,96,L,8.0,3031
2014-01-13 15:11:36.074106112,-74.92,-109.21,1430.0,39.0,-1326.0,38.3,535.0,45.9,15,L,8.0,3031
2015-01-12 15:35:07.074112000,-74.92,-109.21,1423.0,31.0,-1338.0,30.5,485.0,36.0,47,L,8.0,3031
2018-01-13 15:28:52.074110208,-74.92,-109.21,1465.0,21.0,-1384.0,20.1,480.0,23.7,79,L,8.0,3031
2018-06-17 15:10:16.074106112,-74.92,-109.21,1392.0,22.0,-1319.0,22.2,446.0,23.6,272,L,8.0,3031
2021-03-04 15:16:29.574106880,-74.92,-109.21,1298.0,59.0,-1187.0,57.9,524.0,62.4,31,L,8.0,3031
2018-07-06 07:34:03.574108928,-74.92,-109.21,1490.0,34.0,-1408.0,35.8,488.0,19.3,399,L,8.0,3031
2018-06-12 07:34:06.074108672,-74.92,-109.21,1464.0,32.0,-1401.0,33.3,425.0,18.6,351,L,8.0,3031
2018-06-04 07:34:07.074108928,-74.92,-109.21,1448.0,34.0,-1402.0,34.9,364.0,21.2,335,L,8.0,3031
2015-02-17 15:10:08.574106112,-74.92,-109.21,1389.0,27.0,-1375.0,27.0,197.0,37.2,47,L,8.0,3031
2021-01-31 15:16:38.074106880,-74.92,-109.21,1318.0,57.0,-1221.0,59.3,497.0,37.4,95,L,8.0,3031
2018-08-28 15:10:01.074105856,-74.92,-109.21,1406.0,23.0,-1313.0,23.7,503.0,14.2,320,L,8.0,3031
2017-06-17 07:34:17.574108928,-74.92,-109.21,1500.0,26.0,-1434.0,26.9,440.0,15.0,367,L,8.0,3031
2020-12-06 15:16:44.074106880,-74.92,-109.21,1397.0,15.0,-1318.0,14.7,464.0,14.5,143,L,8.0,3031
2018-01-08 15:10:48.075109376,-74.92,-109.21,1465.0,20.0,-1387.0,20.2,471.0,18.5,47,L,8.0,3031
2022-01-24 15:04:49.894755072,-74.92,-109.21,1383.0,31.0,-1290.0,30.4,499.0,33.5,39,L,8.0,3031
2016-11-22 15:35:15.574112000,-74.92,-109.21,1564.0,18.0,-1511.0,18.6,404.0,17.5,127,L,8.0,3031
2018-06-25 15:10:17.074106368,-74.92,-109.21,1407.0,24.0,-1307.0,24.2,521.0,19.7,288,L,8.0,3031
2019-06-28 15:10:25.074106112,-74.92,-109.21,1324.0,22.0,-1196.0,24.1,568.0,11.2,288,L,8.0,3031
2020-07-23 15:16:40.574106880,-74.92,-109.21,1370.0,6.0,-1273.0,6.4,506.0,6.2,447,L,8.0,3031
2021-01-08 15:10:56.075109376,-74.92,-109.21,1396.0,15.0,-1314.0,15.3,473.0,15.7,95,L,8.0,3031
2018-04-29 15:16:33.574106880,-74.92,-109.21,1408.0,48.0,-1335.0,49.6,448.0,28.8,447,L,8.0,3031
2018-07-19 15:10:20.074106112,-74.92,-109.21,1398.0,24.0,-1308.0,24.6,493.0,14.0,399,L,8.0,3031
2018-08-17 15:28:40.074109696,-74.92,-109.21,1469.0,5.0,-1401.0,5.3,443.0,4.9,352,L,8.0,3031
2014-10-16 15:35:15.574112000,-74.92,-109.21,1328.0,28.0,-1236.0,27.3,487.0,29.1,64,L,8.0,3031
2018-07-13 07:40:12.574109952,-74.92,-109.21,1489.0,4.0,-1409.0,4.3,480.0,3.9,367,L,8.0,3031
2018-08-09 15:28:43.074109952,-74.92,-109.21,1472.0,6.0,-1399.0,6.0,457.0,5.9,367,L,8.0,3031
2020-02-04 15:28:59.574109952,-74.92,-109.21,1409.0,41.0,-1303.0,41.4,535.0,40.5,47,L,8.0,3031
2016-12-28 07:52:25.075109888,-74.92,-109.21,1519.0,130.0,-1462.0,130.3,413.0,119.2,15,L,8.0,3031
2018-07-08 15:28:47.074109952,-74.92,-109.21,1477.0,7.0,-1401.0,6.7,468.0,5.6,304,L,8.0,3031
2018-05-15 15:16:32.574106880,-74.92,-109.21,1425.0,48.0,-1347.0,49.4,465.0,27.7,479,L,8.0,3031
2022-01-08 15:04:50.608969984,-74.92,-109.21,1351.0,88.0,-1326.0,87.1,258.0,103.7,7,L,8.0,3031
2018-07-05 07:40:15.074109952,-74.92,-109.21,1484.0,4.0,-1409.0,4.0,467.0,3.8,383,L,8.0,3031
2019-10-27 15:04:58.075108352,-74.92,-109.21,1379.0,39.0,-1302.0,37.9,454.0,49.4,31,L,8.0,3031
2018-07-16 15:28:44.074109696,-74.92,-109.21,1472.0,7.0,-1411.0,7.1,418.0,6.2,288,L,8.0,3031
2018-07-25 15:22:38.574108928,-74.92,-109.21,1466.0,30.0,-1405.0,30.5,420.0,15.4,383,L,8.0,3031
2013-12-20 15:11:46.074106112,-74.92,-109.21,1393.0,22.0,-1256.0,23.5,602.0,12.8,63,L,8.0,3031
2020-04-26 15:16:52.574106880,-74.92,-109.21,1278.0,47.0,-1174.0,49.3,506.0,27.6,399,L,8.0,3031
2021-08-19 15:16:36.349938944,-74.92,-109.21,1389.0,8.0,-1327.0,7.9,409.0,7.8,336,L,8.0,3031
2021-01-15 15:16:35.574107136,-74.92,-109.21,1340.0,42.0,-1214.0,44.7,567.0,29.2,127,L,8.0,3031
2015-01-28 15:35:02.574112256,-74.92,-109.21,1459.0,72.0,-1359.0,71.4,532.0,77.1,15,L,8.0,3031
2020-12-07 15:10:30.574106368,-74.92,-109.21,1283.0,29.0,-1155.0,24.3,559.0,42.4,159,L,8.0,3031
2020-02-12 15:28:56.074110208,-74.92,-109.21,1387.0,32.0,-1258.0,31.9,584.0,32.8,63,L,8.0,3031
2014-11-09 15:35:17.074112000,-74.92,-109.21,1395.0,91.0,-1347.0,89.7,364.0,102.0,16,L,8.0,3031
2020-05-13 15:10:43.574106112,-74.92,-109.21,1293.0,24.0,-1169.0,23.6,553.0,23.4,383,L,8.0,3031
2020-06-25 07:34:20.574108928,-74.92,-109.21,1380.0,34.0,-1278.0,36.0,520.0,20.0,368,L,8.0,3031
2014-12-19 15:35:10.574112256,-74.92,-109.21,1379.0,27.0,-1308.0,26.7,438.0,27.6,63,L,8.0,3031
2018-06-14 15:28:57.574109696,-74.92,-109.21,1490.0,6.0,-1408.0,5.6,488.0,4.6,351,L,8.0,3031
2017-07-02 07:40:25.574109696,-74.92,-109.21,1508.0,4.0,-1432.0,4.5,474.0,4.0,351,L,8.0,3031
2021-06-27 15:23:02.106490112,-74.92,-109.21,1398.0,42.0,-1316.0,44.2,470.0,23.5,439,L,8.0,3031
2019-07-01 07:34:05.574108928,-74.92,-109.21,1394.0,32.0,-1297.0,34.0,512.0,19.8,384,L,8.0,3031
2021-07-05 15:23:03.461635072,-74.92,-109.21,1404.0,38.0,-1321.0,39.8,476.0,20.0,423,L,8.0,3031
2018-06-09 15:10:23.574106112,-74.92,-109.21,1400.0,25.0,-1304.0,26.3,509.0,13.2,479,L,8.0,3031
2019-07-17 07:34:03.574108928,-74.92,-109.21,1393.0,31.0,-1294.0,32.8,516.0,19.1,352,L,8.0,3031
2020-07-13 15:29:04.074109952,-74.92,-109.21,1384.0,8.0,-1287.0,7.5,508.0,8.2,272,L,8.0,3031
2018-07-16 15:28:53.574109696,-74.92,-109.21,1481.0,5.0,-1405.0,5.5,468.0,4.8,415,L,8.0,3031
2020-06-29 15:16:43.574107136,-74.92,-109.21,1365.0,6.0,-1272.0,6.1,494.0,6.5,495,L,8.0,3031
2019-11-11 15:10:41.574106112,-74.92,-109.21,761.0,354.0,683.0,379.8,335.0,216.9,79,L,8.0,3031
2018-12-26 07:52:03.575109888,-74.92,-109.21,1461.0,20.0,-1395.0,19.7,436.0,25.6,63,L,8.0,3031
2017-07-10 07:40:23.074109952,-74.92,-109.21,1503.0,4.0,-1432.0,4.5,455.0,3.9,367,L,8.0,3031
2018-08-04 15:10:11.574106112,-74.92,-109.21,1401.0,23.0,-1305.0,23.6,509.0,13.3,367,L,8.0,3031
2018-02-25 15:10:28.575109120,-74.92,-109.21,1473.0,29.0,-1393.0,28.1,478.0,34.6,47,L,8.0,3031
2020-06-19 15:29:13.074109952,-74.92,-109.21,1377.0,5.0,-1279.0,5.0,511.0,5.1,352,L,8.0,3031
2020-07-21 15:29:00.574109952,-74.92,-109.21,1383.0,8.0,-1287.0,8.4,507.0,8.2,256,L,8.0,3031
2015-12-07 15:29:00.574109952,-74.92,-109.21,1591.0,19.0,-1550.0,18.8,357.0,20.0,79,L,8.0,3031
2018-01-14 15:22:43.074108928,-74.92,-109.21,1476.0,17.0,-1407.0,13.5,445.0,34.7,63,L,8.0,3031
2019-06-29 07:46:27.074112000,-74.92,-109.21,1407.0,4.0,-1305.0,3.7,527.0,3.5,384,L,8.0,3031
2019-06-23 07:34:06.074108672,-74.92,-109.21,1399.0,32.0,-1303.0,33.2,508.0,19.7,400,L,8.0,3031
2020-11-01 15:35:25.074112000,-74.92,-109.21,1353.0,53.0,-1294.0,52.7,396.0,54.5,31,L,8.0,3031
2020-06-11 15:29:12.574109952,-74.92,-109.21,1364.0,5.0,-1276.0,5.5,482.0,4.3,336,L,8.0,3031
2019-07-13 15:16:34.574106880,-74.92,-109.21,1296.0,33.0,-1193.0,35.3,506.0,16.1,304,L,8.0,3031
2020-07-29 15:29:01.074109952,-74.92,-109.21,1372.0,8.0,-1282.0,8.1,490.0,7.8,272,L,8.0,3031
2021-06-06 15:29:16.821606912,-74.92,-109.21,1382.0,5.0,-1320.0,5.2,409.0,5.3,352,L,8.0,3031
2015-02-21 15:34:53.074112256,-74.92,-109.21,1435.0,48.0,-1366.0,47.3,439.0,50.6,31,L,8.0,3031
2021-07-26 15:16:39.086734080,-74.92,-109.21,1312.0,51.0,-1229.0,52.4,459.0,35.0,256,L,8.0,3031
2018-06-23 15:22:43.074108928,-74.92,-109.21,1479.0,6.0,-1415.0,5.7,431.0,4.9,319,L,8.0,3031
2018-01-16 15:10:47.575109120,-74.92,-109.21,1564.0,38.0,-1500.0,37.8,442.0,42.9,31,L,8.0,3031
2018-12-23 15:28:45.074109952,-74.92,-109.21,1510.0,27.0,-1381.0,27.9,611.0,24.7,95,L,8.0,3031
2017-12-31 15:10:40.575109120,-74.92,-109.21,1468.0,35.0,-1403.0,34.4,431.0,37.4,159,L,8.0,3031
2020-06-21 15:16:43.074106880,-74.92,-109.21,1384.0,7.0,-1270.0,6.5,551.0,8.0,511,L,8.0,3031
2014-02-14 15:11:12.574106112,-74.92,-109.21,136.0,130.0,127.0,127.2,48.0,148.4,47,L,8.0,3031
2021-01-05 15:28:59.574109952,-74.92,-109.21,1427.0,13.0,-1308.0,12.7,570.0,12.9,143,L,8.0,3031
2018-05-14 15:22:46.074108672,-74.92,-109.21,1473.0,31.0,-1411.0,31.6,422.0,18.1,463,L,8.0,3031
2021-08-05 15:28:58.656742912,-74.92,-109.21,1394.0,8.0,-1327.0,7.6,427.0,6.7,280,L,8.0,3031
2020-12-03 15:35:20.605061888,-74.92,-109.21,1393.0,22.0,-1305.0,22.7,489.0,19.2,95,L,8.0,3031
2018-06-29 15:34:58.574111744,-74.92,-109.21,1470.0,7.0,-1402.0,7.6,442.0,6.2,272,L,8.0,3031
2018-08-10 15:22:31.074108928,-74.92,-109.21,1486.0,6.0,-1410.0,6.0,470.0,6.1,351,L,8.0,3031
2014-02-22 15:11:04.574106112,-74.92,-109.21,116.0,128.0,98.0,123.2,62.0,140.4,63,L,8.0,3031
2018-06-05 15:35:09.074112000,-74.92,-109.21,1477.0,8.0,-1406.0,7.7,454.0,6.7,319,L,8.0,3031
2014-11-25 15:35:15.074112000,-74.92,-109.21,1384.0,36.0,-1297.0,36.3,482.0,34.2,47,L,8.0,3031
2018-07-25 15:22:34.074108672,-74.92,-109.21,1479.0,6.0,-1414.0,5.9,432.0,5.5,320,L,8.0,3031
2020-05-18 15:29:16.074109952,-74.92,-109.21,1380.0,6.0,-1281.0,6.0,513.0,6.1,383,L,8.0,3031
2020-09-07 15:28:48.574109952,-74.92,-109.21,1389.0,5.0,-1284.0,5.0,530.0,4.8,383,L,8.0,3031
2019-06-15 07:34:07.074108928,-74.92,-109.21,1398.0,33.0,-1305.0,34.8,502.0,21.1,416,L,8.0,3031
2020-09-15 15:28:45.074109952,-74.92,-109.21,1388.0,5.0,-1282.0,5.2,531.0,5.0,367,L,8.0,3031
2021-07-24 15:29:00.790649088,-74.92,-109.21,1389.0,8.0,-1325.0,7.5,416.0,8.6,256,L,8.0,3031
2018-05-21 15:29:00.574109952,-74.92,-109.21,1469.0,6.0,-1403.0,6.0,436.0,5.9,399,L,8.0,3031
2018-06-22 15:28:56.574109952,-74.92,-109.21,1475.0,6.0,-1403.0,5.8,454.0,5.7,463,L,8.0,3031
2019-07-19 15:28:55.074109952,-74.92,-109.21,1380.0,6.0,-1290.0,6.0,491.0,6.0,320,L,8.0,3031
2018-06-19 07:40:15.574109952,-74.92,-109.21,1484.0,5.0,-1402.0,4.7,485.0,4.3,351,L,8.0,3031
2018-06-27 07:40:13.074109952,-74.92,-109.21,1478.0,7.0,-1404.0,7.2,461.0,6.2,335,L,8.0,3031
2019-10-18 15:11:08.575109120,-74.92,-109.21,1326.0,40.0,-1229.0,41.4,498.0,33.6,32,L,8.0,3031
2019-08-11 15:35:00.074112000,-74.92,-109.21,1353.0,6.0,-1279.0,5.8,441.0,6.0,320,L,8.0,3031
2014-09-26 15:10:56.075109120,-74.92,-109.21,1286.0,70.0,-1195.0,72.6,476.0,48.9,16,L,8.0,3031
2019-11-07 15:35:27.574112000,-74.92,-109.21,1389.0,71.0,-1299.0,70.7,492.0,77.0,15,L,8.0,3031
2014-11-01 15:35:13.574112000,-74.92,-109.21,1359.0,25.0,-1276.0,24.9,469.0,27.2,95,L,8.0,3031
2015-01-04 15:35:08.574112000,-74.92,-109.21,1407.0,52.0,-1346.0,50.8,411.0,63.6,31,L,8.0,3031
2016-06-28 07:46:33.574112000,-74.92,-109.21,1571.0,4.0,-1517.0,4.1,409.0,4.0,400,L,8.0,3031
2017-01-13 07:52:21.575109888,-74.92,-109.21,1490.0,37.0,-1441.0,37.2,380.0,39.6,15,L,8.0,3031
2018-08-20 15:10:29.075109120,-74.92,-109.21,1484.0,5.0,-1416.0,4.9,445.0,4.3,336,L,8.0,3031
2017-12-07 15:10:51.075109120,-74.92,-109.21,1477.0,17.0,-1409.0,16.6,442.0,15.8,111,L,8.0,3031
2019-07-06 07:52:38.574113024,-74.92,-109.21,1386.0,4.0,-1292.0,4.6,501.0,3.9,352,L,8.0,3031
2021-12-07 15:04:53.200633088,-74.92,-109.21,1361.0,7.0,-1310.0,7.1,369.0,4.9,135,L,8.0,3031
2019-11-28 15:04:55.075108096,-74.92,-109.21,1351.0,41.0,-1226.0,39.9,567.0,45.9,31,L,8.0,3031
2019-06-12 15:10:24.074106112,-74.92,-109.21,1319.0,10.0,-1193.0,10.4,563.0,5.6,448,L,8.0,3031
2019-08-06 15:16:28.574106880,-74.92,-109.21,1373.0,11.0,-1288.0,10.2,475.0,12.6,256,L,8.0,3031
2020-05-10 15:29:17.074109952,-74.92,-109.21,1393.0,5.0,-1273.0,5.1,565.0,5.2,399,L,8.0,3031
2018-08-12 15:10:33.075109120,-74.92,-109.21,1484.0,5.0,-1412.0,4.7,458.0,4.9,351,L,8.0,3031
2019-08-14 15:16:27.074106880,-74.92,-109.21,1369.0,10.0,-1281.0,10.1,482.0,9.4,272,L,8.0,3031
2020-06-22 15:11:00.075109120,-74.92,-109.21,1390.0,6.0,-1289.0,5.5,521.0,5.9,304,L,8.0,3031
2018-06-21 07:27:52.574106880,-74.92,-109.21,1468.0,8.0,-1404.0,8.4,430.0,7.7,319,L,8.0,3031
2020-06-27 15:29:11.074109696,-74.92,-109.21,1388.0,5.0,-1282.0,4.8,533.0,4.0,336,L,8.0,3031
2019-06-16 15:35:08.574112000,-74.92,-109.21,1397.0,6.0,-1296.0,6.6,522.0,5.8,432,L,8.0,3031
2018-06-14 15:28:56.574109952,-74.92,-109.21,1474.0,5.0,-1404.0,5.3,449.0,5.1,479,L,8.0,3031
2020-06-19 15:29:10.574109952,-74.92,-109.21,1377.0,5.0,-1288.0,5.1,487.0,4.4,320,L,8.0,3031
2017-01-25 15:35:10.074112000,-74.92,-109.21,1468.0,55.0,-1399.0,54.9,444.0,60.9,31,L,8.0,3031
2015-01-12 15:35:01.074112000,-74.92,-109.21,1413.0,16.0,-1367.0,15.8,356.0,16.5,111,L,8.0,3031
2018-05-13 15:29:00.574109952,-74.92,-109.21,1474.0,5.0,-1408.0,5.2,437.0,4.6,415,L,8.0,3031
2019-01-26 15:16:17.574106880,-74.92,-109.21,1437.0,11.0,-1351.0,11.0,489.0,13.9,127,L,8.0,3031
2018-05-30 15:22:43.074108928,-74.92,-109.21,1476.0,14.0,-1403.0,14.6,457.0,9.0,495,L,8.0,3031
2020-11-17 15:35:17.831170304,-74.92,-109.21,1384.0,16.0,-1310.0,16.4,447.0,15.7,127,L,8.0,3031
2019-12-22 15:04:51.075108096,-74.92,-109.21,1360.0,61.0,-1176.0,64.4,684.0,51.3,15,L,8.0,3031
2018-07-03 15:10:38.575109120,-74.92,-109.21,1476.0,7.0,-1405.0,7.0,453.0,6.2,272,L,8.0,3031
2020-12-23 15:10:57.075109120,-74.92,-109.21,1398.0,13.0,-1324.0,12.9,450.0,13.6,127,L,8.0,3031
2018-07-11 15:10:34.575109376,-74.92,-109.21,1488.0,8.0,-1415.0,7.7,461.0,6.5,256,L,8.0,3031
2018-07-11 15:10:44.575109120,-74.92,-109.21,1477.0,5.0,-1409.0,5.2,442.0,5.3,415,L,8.0,3031
2017-08-17 15:10:38.075109120,-74.92,-109.21,1440.0,6.0,-1376.0,6.0,424.0,5.6,399,L,8.0,3031
2020-07-13 15:29:00.574109952,-74.92,-109.21,1374.0,5.0,-1269.0,5.0,528.0,5.1,495,L,8.0,3031
2020-12-19 15:35:19.460334080,-74.92,-109.21,1403.0,30.0,-1323.0,29.8,467.0,26.6,63,L,8.0,3031
2019-06-23 07:34:07.574108928,-74.92,-109.21,1398.0,35.0,-1297.0,37.2,523.0,17.2,368,L,8.0,3031
2018-06-18 07:46:26.574111744,-74.92,-109.21,1482.0,4.0,-1404.0,4.2,476.0,3.7,367,L,8.0,3031
2020-10-16 15:35:22.074112000,-74.92,-109.21,1388.0,29.0,-1285.0,28.7,524.0,33.0,64,L,8.0,3031
2015-01-28 15:34:59.074112000,-74.92,-109.21,1389.0,24.0,-1346.0,24.1,342.0,23.5,79,L,8.0,3031
2020-06-02 15:35:20.574112000,-74.92,-109.21,1360.0,7.0,-1264.0,7.5,501.0,6.8,272,L,8.0,3031
2019-07-06 07:52:14.575109632,-74.92,-109.21,1387.0,4.0,-1295.0,4.2,498.0,4.0,352,L,8.0,3031
2018-07-19 07:52:06.575109888,-74.92,-109.21,1479.0,4.0,-1406.0,4.0,458.0,4.9,351,L,8.0,3031
2021-07-15 15:35:17.719865344,-74.92,-109.21,1406.0,5.0,-1323.0,5.4,476.0,5.2,352,L,8.0,3031
2021-08-27 15:16:32.150628096,-74.92,-109.21,1307.0,64.0,-1224.0,65.9,457.0,43.2,320,L,8.0,3031
2019-06-13 07:46:29.074112000,-74.92,-109.21,1398.0,4.0,-1306.0,4.1,499.0,3.7,416,L,8.0,3031
2020-08-09 15:10:51.075109120,-74.92,-109.21,1393.0,5.0,-1276.0,4.5,559.0,4.3,399,L,8.0,3031
2018-08-28 15:10:25.075109120,-74.92,-109.21,1488.0,7.0,-1416.0,7.2,458.0,7.6,320,L,8.0,3031
2018-06-01 15:10:50.075109120,-74.92,-109.21,1476.0,6.0,-1403.0,5.8,457.0,5.2,335,L,8.0,3031
2018-07-07 15:34:54.574111744,-74.92,-109.21,1486.0,9.0,-1420.0,9.4,438.0,7.5,256,L,8.0,3031
2018-07-15 15:34:56.574112000,-74.92,-109.21,1475.0,6.0,-1400.0,6.1,465.0,6.7,304,L,8.0,3031
2018-06-13 15:35:06.074112000,-74.92,-109.21,1473.0,8.0,-1394.0,8.0,475.0,7.0,303,L,8.0,3031
2019-07-14 07:52:36.574113280,-74.92,-109.21,1383.0,6.0,-1286.0,5.9,508.0,4.4,336,L,8.0,3031
2016-07-05 07:52:20.575109888,-74.92,-109.21,1556.0,5.0,-1506.0,5.3,393.0,5.1,368,L,8.0,3031
2018-05-29 15:28:51.074109952,-74.92,-109.21,1474.0,6.0,-1403.0,5.7,451.0,6.4,511,L,8.0,3031
2021-07-07 15:35:19.821510912,-74.92,-109.21,1412.0,5.0,-1318.0,4.9,507.0,4.8,336,L,8.0,3031
2018-06-21 15:35:07.074112000,-74.92,-109.21,1480.0,5.0,-1399.0,4.6,482.0,5.0,351,L,8.0,3031
2018-07-11 07:52:10.575109888,-74.92,-109.21,1478.0,4.0,-1408.0,3.8,449.0,4.6,367,L,8.0,3031
2018-04-28 15:22:47.574108928,-74.92,-109.21,1477.0,10.0,-1407.0,9.0,448.0,14.1,431,L,8.0,3031
2020-07-31 15:16:36.574106880,-74.92,-109.21,1377.0,5.0,-1279.0,4.7,511.0,5.1,463,L,8.0,3031
2020-08-14 15:28:55.074109952,-74.92,-109.21,1395.0,5.0,-1279.0,5.1,557.0,4.2,431,L,8.0,3031
2019-07-09 07:34:05.574108928,-74.92,-109.21,1388.0,11.0,-1289.0,11.8,516.0,6.4,336,L,8.0,3031
2018-04-27 15:28:55.074109952,-74.92,-109.21,1478.0,6.0,-1409.0,6.4,446.0,6.7,447,L,8.0,3031
2014-12-11 15:35:10.574112256,-74.92,-109.21,1385.0,21.0,-1313.0,20.8,441.0,26.0,79,L,8.0,3031
2020-07-20 15:35:15.285150976,-74.92,-109.21,1374.0,6.0,-1272.0,6.0,518.0,5.1,367,L,8.0,3031
2019-07-02 15:35:06.574112256,-74.92,-109.21,1391.0,4.0,-1291.0,4.1,517.0,3.9,400,L,8.0,3031
2019-12-09 15:35:22.074112000,-74.92,-109.21,1346.0,20.0,-1249.0,20.5,501.0,18.7,79,L,8.0,3031
2020-02-19 15:35:04.074111744,-74.92,-109.21,1326.0,29.0,-1250.0,28.9,443.0,27.9,63,L,8.0,3031
2020-05-21 15:11:05.575109376,-74.92,-109.21,1386.0,4.0,-1272.0,4.1,550.0,4.6,367,L,8.0,3031
2018-07-19 15:10:30.575109376,-74.92,-109.21,1487.0,13.0,-1415.0,13.0,458.0,13.8,240,L,8.0,3031
2021-05-28 15:35:23.599652096,-74.92,-109.21,1400.0,6.0,-1315.0,5.7,480.0,5.7,447,L,8.0,3031
2020-06-18 15:35:20.858757888,-74.92,-109.21,1377.0,5.0,-1271.0,4.9,531.0,6.0,431,L,8.0,3031
2014-11-17 15:35:09.074112000,-74.92,-109.21,1341.0,18.0,-1264.0,17.9,449.0,17.5,127,L,8.0,3031
2016-07-05 07:52:44.574113024,-74.92,-109.21,1564.0,5.0,-1511.0,5.4,402.0,4.5,368,L,8.0,3031
2018-07-11 07:52:34.574113024,-74.92,-109.21,1472.0,4.0,-1408.0,4.3,431.0,4.0,367,L,8.0,3031
2014-10-08 15:35:15.574112000,-74.92,-109.21,1296.0,34.0,-1183.0,31.8,529.0,42.5,48,L,8.0,3031
2019-07-27 15:28:53.074109952,-74.92,-109.21,1381.0,6.0,-1289.0,5.9,495.0,5.2,336,L,8.0,3031
2020-06-06 15:11:01.075109120,-74.92,-109.21,1366.0,8.0,-1269.0,7.7,506.0,7.5,272,L,8.0,3031
2018-06-25 15:10:37.575109120,-74.92,-109.21,1461.0,6.0,-1387.0,5.6,461.0,6.3,256,L,8.0,3031
2019-06-25 15:28:57.074109952,-74.92,-109.21,1384.0,4.0,-1289.0,4.3,503.0,4.2,400,L,8.0,3031
2018-07-03 15:10:33.575109120,-74.92,-109.21,1472.0,5.0,-1412.0,5.3,415.0,6.6,240,L,8.0,3031
2015-01-04 15:35:01.074112000,-74.92,-109.21,1382.0,12.0,-1281.0,12.1,518.0,14.1,127,L,8.0,3031
2021-06-09 15:35:24.686640384,-74.92,-109.21,1397.0,5.0,-1315.0,5.3,472.0,5.5,471,L,8.0,3031
2021-07-27 15:35:18.806853376,-74.92,-109.21,1404.0,6.0,-1319.0,5.9,483.0,6.8,376,L,8.0,3031
2018-06-29 15:35:04.074111744,-74.92,-109.21,1472.0,5.0,-1394.0,5.2,474.0,4.8,335,L,8.0,3031
2018-06-09 15:10:47.575109120,-74.92,-109.21,1478.0,5.0,-1405.0,4.6,459.0,5.3,479,L,8.0,3031
2018-07-11 15:10:29.575109120,-74.92,-109.21,1479.0,6.0,-1418.0,6.3,423.0,5.3,224,L,8.0,3031
2018-07-09 15:22:35.574108928,-74.92,-109.21,1478.0,7.0,-1415.0,7.0,427.0,6.9,288,L,8.0,3031
2019-06-07 07:34:09.074108928,-74.92,-109.21,1412.0,3.0,-1309.0,2.9,530.0,2.5,400,L,8.0,3031
2019-06-15 07:34:08.074108928,-74.92,-109.21,1397.0,11.0,-1302.0,11.6,506.0,6.2,384,L,8.0,3031
2021-07-03 15:35:19.273882880,-74.92,-109.21,1417.0,5.0,-1323.0,5.2,507.0,4.4,328,L,8.0,3031
2021-05-16 15:35:25.153669888,-74.92,-109.21,1417.0,5.0,-1314.0,4.9,531.0,4.7,423,L,8.0,3031
2019-06-20 07:52:39.574113024,-74.92,-109.21,1390.0,4.0,-1295.0,3.6,505.0,3.6,384,L,8.0,3031
2019-07-14 07:52:12.575109888,-74.92,-109.21,1386.0,6.0,-1288.0,6.1,511.0,5.6,336,L,8.0,3031
2018-04-30 15:10:53.075109120,-74.92,-109.21,1479.0,5.0,-1410.0,4.8,445.0,4.9,399,L,8.0,3031
2018-05-24 15:10:49.075109120,-74.92,-109.21,1453.0,5.0,-1387.0,4.9,433.0,4.4,319,L,8.0,3031
2015-02-13 15:34:54.574111744,-74.92,-109.21,1417.0,26.0,-1329.0,25.4,491.0,29.7,47,L,8.0,3031
2018-06-25 15:10:41.075109120,-74.92,-109.21,1481.0,7.0,-1405.0,7.0,469.0,6.3,288,L,8.0,3031
2021-05-12 15:35:20.825759744,-74.92,-109.21,1403.0,5.0,-1319.0,5.3,478.0,6.2,479,L,8.0,3031
2018-06-06 15:28:56.074110208,-74.92,-109.21,1461.0,5.0,-1399.0,5.3,420.0,5.3,367,L,8.0,3031
2018-08-04 15:10:35.575109120,-74.92,-109.21,1479.0,5.0,-1407.0,4.5,457.0,4.3,367,L,8.0,3031
2020-05-17 15:35:25.074112000,-74.92,-109.21,1372.0,5.0,-1267.0,4.8,526.0,4.6,367,L,8.0,3031
2018-07-23 15:34:52.574112000,-74.92,-109.21,1483.0,8.0,-1422.0,7.6,420.0,8.7,288,L,8.0,3031
2020-06-29 15:16:39.074106880,-74.92,-109.21,1372.0,6.0,-1270.0,5.7,518.0,4.2,527,L,8.0,3031
2018-04-22 15:10:52.075109376,-74.92,-109.21,1465.0,4.0,-1400.0,3.8,433.0,3.3,383,L,8.0,3031
2018-07-08 15:28:52.074110208,-74.92,-109.21,1471.0,5.0,-1401.0,5.3,450.0,5.9,431,L,8.0,3031
2018-06-17 15:10:40.075108864,-74.92,-109.21,1463.0,3.0,-1388.0,2.4,461.0,3.4,272,L,8.0,3031
2021-07-11 15:35:19.159723008,-74.92,-109.21,1392.0,5.0,-1320.0,5.1,441.0,4.9,344,L,8.0,3031
2020-05-05 15:11:06.575109120,-74.92,-109.21,1365.0,7.0,-1272.0,7.5,496.0,6.0,336,L,8.0,3031
2018-07-27 07:52:04.575109888,-74.92,-109.21,1481.0,4.0,-1404.0,4.2,472.0,4.7,367,L,8.0,3031
2019-06-12 07:52:17.075110144,-74.92,-109.21,1403.0,5.0,-1303.0,4.6,520.0,4.1,400,L,8.0,3031
2018-06-25 07:52:35.574113024,-74.92,-109.21,1462.0,4.0,-1398.0,3.9,427.0,4.2,335,L,8.0,3031
2020-06-18 15:35:19.574112000,-74.92,-109.21,1371.0,7.0,-1275.0,7.0,504.0,6.7,304,L,8.0,3031
2018-07-19 07:52:32.574113280,-74.92,-109.21,1468.0,5.0,-1402.0,5.2,434.0,4.0,383,L,8.0,3031
2017-07-08 07:52:45.074113024,-74.92,-109.21,1507.0,5.0,-1435.0,4.7,459.0,4.8,367,L,8.0,3031
2021-04-30 15:35:22.379777792,-74.92,-109.21,1406.0,6.0,-1317.0,6.1,492.0,5.4,456,L,8.0,3031
2019-12-06 15:04:53.075108096,-74.92,-109.21,1338.0,25.0,-1233.0,24.1,520.0,27.1,47,L,8.0,3031
2018-06-01 15:10:48.575109120,-74.92,-109.21,1445.0,5.0,-1392.0,4.9,386.0,4.4,303,L,8.0,3031
2021-08-04 15:10:54.201129984,-74.92,-109.21,1403.0,6.0,-1333.0,5.8,437.0,5.1,320,L,8.0,3031
2020-05-13 15:11:07.075109120,-74.92,-109.21,1376.0,5.0,-1281.0,4.8,503.0,6.0,383,L,8.0,3031
2018-06-02 07:46:28.574112000,-74.92,-109.21,1464.0,5.0,-1409.0,5.0,398.0,3.4,335,L,8.0,3031
2018-04-14 15:10:50.075109120,-74.92,-109.21,1467.0,4.0,-1406.0,3.7,418.0,4.2,399,L,8.0,3031
2020-04-27 15:11:08.075109120,-74.92,-109.21,1379.0,5.0,-1279.0,4.9,515.0,5.7,351,L,8.0,3031
2021-06-17 15:11:03.466074112,-74.92,-109.21,1414.0,4.0,-1319.0,3.9,508.0,4.1,415,L,8.0,3031
2020-05-09 15:35:26.574112000,-74.92,-109.21,1327.0,4.0,-1249.0,3.7,449.0,3.1,383,L,8.0,3031
2019-06-24 07:27:55.074106880,-74.92,-109.21,1401.0,22.0,-1302.0,22.4,516.0,22.4,416,L,8.0,3031
2021-06-01 15:11:03.985890048,-74.92,-109.21,1415.0,4.0,-1319.0,3.7,512.0,3.0,447,L,8.0,3031
2019-06-16 07:27:55.574106624,-74.92,-109.21,89.0,48.0,88.0,48.1,10.0,49.2,432,L,8.0,3031
